Workbook

Sheet INSTRUÇÕES
B2: PAINEL EXECUTIVO
B4: EM ABERTO | C4: CRÍTICOS | D4: ATENÇÃO | E4: CONCLUÍDOS | F4: TOTAL
B5: =COUNTIFS(CHAMADOS_GOP!B2:B1000,"<>",CHAMADOS_GOP!O2:O1000,"<>27 - Instalação concluída",CHAMADOS_GOP!O2:O1000,"<>28 - Encerrado") -> 17 | C5: =COUNTIF(CHAMADOS_GOP!Y2:Y1000,"*CRÍTICO*") -> 5 | D5: =COUNTIF(CHAMADOS_GOP!Y2:Y1000,"*ATENÇÃO*") -> 1 | E5: =COUNTIF(CHAMADOS_GOP!O2:O1000,"27 - Instalação concluída") -> 11 | F5: =COUNTIF(CHAMADOS_GOP!B2:B1000,"<>") -> 28
B7: Estado consolidado do conjunto de chamados ativos — atualiza automaticamente
B11: CONTROLE VIVO DE CLIMATIZAÇÃO — GUIA DE USO
B12: GOP / 3ª CRE — SME-RJ | Conforme POP nº 002-25
B14: PROPÓSITO
B15: Centralizar o registro, validação e acompanhamento das demandas de climatização das unidades escolares da 3ª CRE. O arquivo serve à GOP como instrumento de gestão tempestiva, permitindo informar setores parceiros (CTO, CTIN, GIN, CPS, GAD) sobre o estado de cada caso em qualquer momento, sem retrabalho de garimpar e-mails ou planilhas paralelas.
B17: FLUXO DE USO — ORDEM RECOMENDADA
B18: 1) A unidade escolar responde ao Microsoft Forms com a demanda (questões em ROTEIRO_FORMS). 2) A resposta cai automaticamente na aba ENTRADA_UNIDADES. 3) A GOP analisa a entrada e transfere para CHAMADOS_GOP, atribuindo ID, status e responsável. 4) A GOP usa VALIDACAO_GOP para acompanhar o que precisa ser validado tecnicamente. 5) Quando o caso passa para a CTO, ele aparece em VISAO_CTO com prioridade. 6) Cada marco importante é registrado em HISTORICO_RELEVANTE. 7) PAINEL e CONSULTA_UNIDADE são para consulta e prestação de contas.
B20: AS ABAS, UMA A UMA
B21: ROTEIRO_FORMS — questões prontas para criar/atualizar o Microsoft Forms enviado às unidades. ENTRADA_UNIDADES — recebe as respostas brutas do Forms (cópia automática ou manual). CHAMADOS_GOP — base oficial de chamados. Cada linha é uma demanda em andamento. VALIDACAO_GOP — visão filtrada dos chamados que dependem de validação técnica. VISAO_CTO — visão filtrada do que precisa ser tratado pela CTO. PAINEL — indicadores consolidados do conjunto. CONSULTA_UNIDADE — pesquisa rápida por escola, com tudo o que existe sobre ela. HISTORICO_RELEVANTE — linha do tempo dos marcos de cada chamado. CADASTRO_VIVO_3CRE — base cadastral viva das 135 unidades, com inventário e validação. LISTAS — domínios fechados (status, setores, demandas) para validação automática.
B23: REGRAS DE PREENCHIMENTO
B24: • Não digite valores em campos com setinha — use a lista suspensa. Padroniza vocabulário. • IDs de chamado (formato GOP-AR-AAAA-NNNN) são fixos. Não os altere depois de atribuídos. • Datas sempre no formato dd/mm/aaaa. • Sempre que houver movimentação, atualize a coluna DATA ÚLTIMA ATUALIZAÇÃO em CHAMADOS_GOP — ela alimenta o alerta de dias sem movimento. • Em HISTORICO_RELEVANTE, registre apenas marcos (vistoria realizada, orçamento aprovado, aparelho requisitado, instalação concluída). Não registre todo e-mail trocado.
B26: CADASTRO VIVO — COMO MANTER VIVO
... B33: Este arquivo é instrumento de gestão interna da GOP. Não substitui os registros oficiais nos sistemas corporativos da SME nem dispensa o envio dos e-mails formais previstos no POP-002/25. Funciona como camada de controle, memória operacional e prestação de contas do setor.

Sheet PAINEL
A1: CONTROLE VIVO DE CLIMATIZAÇÃO — 3ª CRE/GOP
A2: Fluxo de uso: unidade informa → GOP valida → chamado é acompanhado → CTO recebe visão limpa quando necessário
A3: INDICADOR | B3: Nº | C3: O que significa | E3: ETAPA DO FLUXO (POP) | F3: Qtd | H3: ENVOLVIMENTOS | I3: Qtd
A4: Chamados registrados | B4: =COUNTA(CHAMADOS_GOP!$D$2:$D$1000) -> 28 | C4: Total de chamados cadastrados. | E4: 01 - Recebido da unidade | F4: =COUNTIF(CHAMADOS_GOP!$O$2:$O$1000,E4) -> 0 | H4: GOP | I4: =COUNTIF(CHAMADOS_GOP!$P$2:$P$1000,"*"&H4&"*") -> 11
A5: Chamados abertos | B5: =COUNTIFS(CHAMADOS_GOP!O2:O1000,"<>",CHAMADOS_GOP!O2:O1000,"<>28 - Encerrado") -> 28 | C5: Demandas em acompanhamento. | E5: 02 - Em triagem pela GOP | F5: =COUNTIF(CHAMADOS_GOP!$O$2:$O$1000,E5) -> 1 | H5: CPS | I5: =COUNTIF(CHAMADOS_GOP!$P$2:$P$1000,"*"&H5&"*") -> 2
A6: Pendentes de validação | B6: =COUNTIF(CHAMADOS_GOP!T2:T1000,"Pendente de Vistoria")+COUNTIF(CHAMADOS_GOP!T2:T1000,"Não validada") -> 19 | C6: Casos a conferir pela GOP. | E6: 03 - Vistoria solicitada à CPS | F6: =COUNTIF(CHAMADOS_GOP!$O$2:$O$1000,E6) -> 0 | H6: GIN | I6: =COUNTIF(CHAMADOS_GOP!$P$2:$P$1000,"*"&H6&"*") -> 15
A7: Aguardando CTO | B7: =COUNTIF(CHAMADOS_GOP!P2:P1000,"*CTO*") -> 1 | C7: Chamados sob responsabilidade atual da CTO. | E7: 04 - Aguardando agendamento de vistoria | F7: =COUNTIF(CHAMADOS_GOP!$O$2:$O$1000,E7) -> 1 | H7: GAD | I7: =COUNTIF(CHAMADOS_GOP!$P$2:$P$1000,"*"&H7&"*") -> 0
A8: Parados há mais de 7 dias | B8: =COUNTIFS(CHAMADOS_GOP!S2:S1000,">7",CHAMADOS_GOP!O2:O1000,"<>28 - Encerrado") -> 0 | C8: Demandas para cobrança/revisão. | E8: 05 - Vistoria agendada | F8: =COUNTIF(CHAMADOS_GOP!$O$2:$O$1000,E8) -> 0 | H8: CTO | I8: =COUNTIF(CHAMADOS_GOP!$P$2:$P$1000,"*"&H8&"*") -> 1
A9: Prioridade alta/crítica | B9: =COUNTIFS(CHAMADOS_GOP!Y2:Y1000,"*CRÍTICO*",CHAMADOS_GOP!O2:O1000,"<>28 - Encerrado") -> 5 | C9: Casos preferenciais. | E9: 06 - Aguardando relatório técnico | F9: =COUNTIF(CHAMADOS_GOP!$O$2:$O$1000,E9) -> 0 | H9: CTIN | I9: =COUNTIF(CHAMADOS_GOP!$P$2:$P$1000,"*"&H9&"*") -> 0
E10: 07 - Relatório recebido — unidade apta | F10: =COUNTIF(CHAMADOS_GOP!$O$2:$O$1000,E10) -> 1 | H10: COMP | I10: =COUNTIF(CHAMADOS_GOP!$P$2:$P$1000,"*"&H10&"*") -> 0
E11: 08 - Relatório recebido — unidade não apta | F11: =COUNTIF(CHAMADOS_GOP!$O$2:$O$1000,E11) -> 0 | H11: GMP | I11: =COUNTIF(CHAMADOS_GOP!$P$2:$P$1000,"*"&H11&"*") -> 0
E12: 09 - Aguardando orçamentos da unidade | F12: =COUNTIF(CHAMADOS_GOP!$O$2:$O$1000,E12) -> 7 | H12: Unidade Escolar | I12: =COUNTIF(CHAMADOS_GOP!$P$2:$P$1000,"*"&H12&"*") -> 14
E13: 10 - Orçamentos recebidos | F13: =COUNTIF(CHAMADOS_GOP!$O$2:$O$1000,E13) -> 0
E14: 11 - Orçamentos em análise técnica | F14: =COUNTIF(CHAMADOS_GOP!$O$2:$O$1000,E14) -> 0 | H14: Um chamado pode envolver mais de um setor; a soma pode exceder o total de chamados.
E15: 12 - Orçamento aprovado | F15: =COUNTIF(CHAMADOS_GOP!$O$2:$O$1000,E15) -> 3
E16: 13 - Orçamento reprovado | F16: =COUNTIF(CHAMADOS_GOP!$O$2:$O$1000,E16) -> 0
E17: 14 - Verificando recurso com GAD | F17: =COUNTIF(CHAMADOS_GOP!$O$2:$O$1000,E17) -> 0
E18: 15 - Aguardando remanejamento/nova concessão | F18: =COUNTIF(CHAMADOS_GOP!$O$2:$O$1000,E18) -> 0
E19: 16 - Serviço contratado pela unidade | F19: =COUNTIF(CHAMADOS_GOP!$O$2:$O$1000,E19) -> 0
E20: 17 - Serviço iniciado | F20: =COUNTIF(CHAMADOS_GOP!$O$2:$O$1000,E20) -> 4
E21: 18 - Serviço concluído pela unidade | F21: =COUNTIF(CHAMADOS_GOP!$O$2:$O$1000,E21) -> 0
E22: 19 - Aguardando vistoria de retorno | F22: =COUNTIF(CHAMADOS_GOP!$O$2:$O$1000,E22) -> 0
E23: 20 - Serviço aprovado | F23: =COUNTIF(CHAMADOS_GOP!$O$2:$O$1000,E23) -> 0
E24: 21 - Serviço reprovado — aguardando correção | F24: =COUNTIF(CHAMADOS_GOP!$O$2:$O$1000,E24) -> 0
E25: 22 - Instalação/substituição autorizada | F25: =COUNTIF(CHAMADOS_GOP!$O$2:$O$1000,E25) -> 0
E26: 23 - CTO comunicada | F26: =COUNTIF(CHAMADOS_GOP!$O$2:$O$1000,E26) -> 0
... E32: 29 - Suspenso/pendente de decisão superior | F32: =COUNTIF(CHAMADOS_GOP!$O$2:$O$1000,E32) -> 0
A35: CHAMADOS MAIS ANTIGOS SEM ATUALIZAÇÃO — AÇÃO IMEDIATA
A36: ID Chamado | B36: Unidade Escolar | D36: Status Atual | G36: Setor | I36: Dias s/Atual.
A37: =IFERROR(INDEX(CHAMADOS_GOP!$B$2:$B$500,MATCH(1,CHAMADOS_GOP!$AG$2:$AG$500,0)),"") -> GOP-AR-2026-0002 | B37: =IFERROR(VLOOKUP(A37,CHAMADOS_GOP!$B$2:$D$1000,3,FALSE()),"") -> Escola Municipal Bento Ribeiro | D37: =IFERROR(VLOOKUP(A37,CHAMADOS_GOP!$B$2:$O$1000,14,FALSE()),"") -> 09 - Aguardando orçamentos da unidade | G37: =IFERROR(VLOOKUP(A37,CHAMADOS_GOP!$B$2:$P$1000,15,FALSE()),"") -> Unidade Escolar / GIN | I37: =IFERROR(VLOOKUP(A37,CHAMADOS_GOP!$B$2:$S$1000,18,FALSE()),"") -> 7
A38: =IFERROR(INDEX(CHAMADOS_GOP!$B$2:$B$500,MATCH(2,CHAMADOS_GOP!$AG$2:$AG$500,0)),"") -> GOP-AR-2026-0006 | B38: =IFERROR(VLOOKUP(A38,CHAMADOS_GOP!$B$2:$D$1000,3,FALSE()),"") -> Espaço de Desenvolvimento Infantil Padre Nelson Carlos Del Mônaco | D38: =IFERROR(VLOOKUP(A38,CHAMADOS_GOP!$B$2:$O$1000,14,FALSE()),"") -> 12 - Orçamento aprovado | G38: =IFERROR(VLOOKUP(A38,CHAMADOS_GOP!$B$2:$P$1000,15,FALSE()),"") -> GIN / Unidade Escolar | I38: =IFERROR(VLOOKUP(A38,CHAMADOS_GOP!$B$2:$S$1000,18,FALSE()),"") -> 7
A39: =IFERROR(INDEX(CHAMADOS_GOP!$B$2:$B$500,MATCH(3,CHAMADOS_GOP!$AG$2:$AG$500,0)),"") -> GOP-AR-2026-0007 | B39: =IFERROR(VLOOKUP(A39,CHAMADOS_GOP!$B$2:$D$1000,3,FALSE()),"") -> Espaço de Desenvolvimento Infantil Educandário de Santa Cruz | D39: =IFERROR(VLOOKUP(A39,CHAMADOS_GOP!$B$2:$O$1000,14,FALSE()),"") -> 17 - Serviço iniciado | G39: =IFERROR(VLOOKUP(A39,CHAMADOS_GOP!$B$2:$P$1000,15,FALSE()),"") -> GIN / Unidade Escolar | I39: =IFERROR(VLOOKUP(A39,CHAMADOS_GOP!$B$2:$S$1000,18,FALSE()),"") -> 7
A40: =IFERROR(INDEX(CHAMADOS_GOP!$B$2:$B$500,MATCH(4,CHAMADOS_GOP!$AG$2:$AG$500,0)),"") -> GOP-AR-2026-0009 | B40: =IFERROR(VLOOKUP(A40,CHAMADOS_GOP!$B$2:$D$1000,3,FALSE()),"") -> Escola Municipal José Veríssimo | D40: =IFERROR(VLOOKUP(A40,CHAMADOS_GOP!$B$2:$O$1000,14,FALSE()),"") -> 09 - Aguardando orçamentos da unidade | G40: =IFERROR(VLOOKUP(A40,CHAMADOS_GOP!$B$2:$P$1000,15,FALSE()),"") -> Unidade Escolar / GIN | I40: =IFERROR(VLOOKUP(A40,CHAMADOS_GOP!$B$2:$S$1000,18,FALSE()),"") -> 7
A41: =IFERROR(INDEX(CHAMADOS_GOP!$B$2:$B$500,MATCH(5,CHAMADOS_GOP!$AG$2:$AG$500,0)),"") -> GOP-AR-2026-0010 | B41: =IFERROR(VLOOKUP(A41,CHAMADOS_GOP!$B$2:$D$1000,3,FALSE()),"") -> Escola Municipal Professor Augusto Paulino Filho | D41: =IFERROR(VLOOKUP(A41,CHAMADOS_GOP!$B$2:$O$1000,14,FALSE()),"") -> 12 - Orçamento aprovado | G41: =IFERROR(VLOOKUP(A41,CHAMADOS_GOP!$B$2:$P$1000,15,FALSE()),"") -> GIN / Unidade Escolar | I41: =IFERROR(VLOOKUP(A41,CHAMADOS_GOP!$B$2:$S$1000,18,FALSE()),"") -> 7
A42: =IFERROR(INDEX(CHAMADOS_GOP!$B$2:$B$500,MATCH(6,CHAMADOS_GOP!$AG$2:$AG$500,0)),"") -> GOP-AR-2026-0022 | B42: =IFERROR(VLOOKUP(A42,CHAMADOS_GOP!$B$2:$D$1000,3,FALSE()),"") -> Creche Municipal Tia Andreza | D42: =IFERROR(VLOOKUP(A42,CHAMADOS_GOP!$B$2:$O$1000,14,FALSE()),"") -> 09 - Aguardando orçamentos da unidade | G42: =IFERROR(VLOOKUP(A42,CHAMADOS_GOP!$B$2:$P$1000,15,FALSE()),"") -> Unidade Escolar / GIN | I42: =IFERROR(VLOOKUP(A42,CHAMADOS_GOP!$B$2:$S$1000,18,FALSE()),"") -> 7
A43: =IFERROR(INDEX(CHAMADOS_GOP!$B$2:$B$500,MATCH(7,CHAMADOS_GOP!$AG$2:$AG$500,0)),"") -> GOP-AR-2026-0026 | B43: =IFERROR(VLOOKUP(A43,CHAMADOS_GOP!$B$2:$D$1000,3,FALSE()),"") -> Creche Municipal José de Vieira da Silva | D43: =IFERROR(VLOOKUP(A43,CHAMADOS_GOP!$B$2:$O$1000,14,FALSE()),"") -> 09 - Aguardando orçamentos da unidade | G43: =IFERROR(VLOOKUP(A43,CHAMADOS_GOP!$B$2:$P$1000,15,FALSE()),"") -> Unidade Escolar / GIN | I43: =IFERROR(VLOOKUP(A43,CHAMADOS_GOP!$B$2:$S$1000,18,FALSE()),"") -> 7
A44: =IFERROR(INDEX(CHAMADOS_GOP!$B$2:$B$500,MATCH(8,CHAMADOS_GOP!$AG$2:$AG$500,0)),"") -> GOP-AR-2026-0004 | B44: =IFERROR(VLOOKUP(A44,CHAMADOS_GOP!$B$2:$D$1000,3,FALSE()),"") -> CIEP Procópio Ferreira | D44: =IFERROR(VLOOKUP(A44,CHAMADOS_GOP!$B$2:$O$1000,14,FALSE()),"") -> 17 - Serviço iniciado | G44: =IFERROR(VLOOKUP(A44,CHAMADOS_GOP!$B$2:$P$1000,15,FALSE()),"") -> GIN / Unidade Escolar | I44: =IFERROR(VLOOKUP(A44,CHAMADOS_GOP!$B$2:$S$1000,18,FALSE()),"") -> 4
A45: =IFERROR(INDEX(CHAMADOS_GOP!$B$2:$B$500,MATCH(9,CHAMADOS_GOP!$AG$2:$AG$500,0)),"") -> GOP-AR-2026-0008 | B45: =IFERROR(VLOOKUP(A45,CHAMADOS_GOP!$B$2:$D$1000,3,FALSE()),"") -> Escola Municipal Nereu Sampaio | D45: =IFERROR(VLOOKUP(A45,CHAMADOS_GOP!$B$2:$O$1000,14,FALSE()),"") -> 17 - Serviço iniciado | G45: =IFERROR(VLOOKUP(A45,CHAMADOS_GOP!$B$2:$P$1000,15,FALSE()),"") -> GIN / Unidade Escolar | I45: =IFERROR(VLOOKUP(A45,CHAMADOS_GOP!$B$2:$S$1000,18,FALSE()),"") -> 3
A46: =IFERROR(INDEX(CHAMADOS_GOP!$B$2:$B$500,MATCH(10,CHAMADOS_GOP!$AG$2:$AG$500,0)),"") -> GOP-AR-2026-0012 | B46: =IFERROR(VLOOKUP(A46,CHAMADOS_GOP!$B$2:$D$1000,3,FALSE()),"") -> Escola Municipal Eurico Vilela | D46: =IFERROR(VLOOKUP(A46,CHAMADOS_GOP!$B$2:$O$1000,14,FALSE()),"") -> 17 - Serviço iniciado | G46: =IFERROR(VLOOKUP(A46,CHAMADOS_GOP!$B$2:$P$1000,15,FALSE()),"") -> GIN / Unidade Escolar | I46: =IFERROR(VLOOKUP(A46,CHAMADOS_GOP!$B$2:$S$1000,18,FALSE()),"") -> 3

Sheet CONSULTA_UNIDADE
A1: CONSULTA POR UNIDADE ESCOLAR
A2: Selecione uma escola no campo de pesquisa para ver instantaneamente a ficha técnica, chamados e histórico.
A4: Unidade escolar | B4: Selecione a Unidade... | E4: Designação | F4: =IF(OR($B$4="",$B$4="Selecione a Unidade..."),"",IFERROR(INDEX(CADASTRO_VIVO_3CRE!$B$2:$B$150,MATCH($B$4,CADASTRO_VIVO_3CRE!$E$2:$E$150,0)),"Não localizado"))
A5: Endereço | B5: =IF(OR($B$4="",$B$4="Selecione a Unidade..."),"",IFERROR(INDEX(CADASTRO_VIVO_3CRE!$P$2:$P$150,MATCH($B$4,CADASTRO_VIVO_3CRE!$E$2:$E$150,0)),"Não cadastrado")) | E5: Bairro | F5: =IF(OR($B$4="",$B$4="Selecione a Unidade..."),"",IFERROR(INDEX(CADASTRO_VIVO_3CRE!$Q$2:$Q$150,MATCH($B$4,CADASTRO_VIVO_3CRE!$E$2:$E$150,0)),"Não cadastrado"))
A8: RESUMO DA UNIDADE
A9: Total de chamados | B9: =IF(OR($B$4="",$B$4="Selecione a Unidade..."),"",COUNTIF(CHAMADOS_GOP!$D$2:$D$1000,$B$4)) | C9: Chamados em aberto | D9: =IF(OR($B$4="",$B$4="Selecione a Unidade..."),"",COUNTIFS(CHAMADOS_GOP!$D$2:$D$1000,$B$4,CHAMADOS_GOP!$O$2:$O$1000,"<>28 - Encerrado",CHAMADOS_GOP!$O$2:$O$1000,"<>27 - Instalação concluída")) | E9: Concluídos | F9: =IF(OR($B$4="",$B$4="Selecione a Unidade..."),"",COUNTIFS(CHAMADOS_GOP!$D$2:$D$1000,$B$4,CHAMADOS_GOP!$O$2:$O$1000,"27 - Instalação concluída")+COUNTIFS(CHAMADOS_GOP!$D$2:$D$1000,$B$4,CHAMADOS_GOP!$O$2:$O$1000,"28 - Encerrado")) | G9: Críticos / atenção | H9: =IF(OR($B$4="",$B$4="Selecione a Unidade..."),"",COUNTIFS(CHAMADOS_GOP!$D$2:$D$1000,$B$4,CHAMADOS_GOP!$Y$2:$Y$1000,"*CRÍTICO*")+COUNTIFS(CHAMADOS_GOP!$D$2:$D$1000,$B$4,CHAMADOS_GOP!$Y$2:$Y$1000,"*ATENÇÃO*"))
A11: Última atualização | B11: =IF(OR($B$4="",$B$4="Selecione a Unidade..."),"",IF(COUNTIF(CHAMADOS_GOP!$D$2:$D$500,$B$4)=0,"Sem atualização",SUMPRODUCT(MAX((CHAMADOS_GOP!$D$2:$D$500=$B$4)*(CHAMADOS_GOP!$R$2:$R$500))))) | E11: Setor responsável atual | F11: =IF(OR($B$4="",$B$4="Selecione a Unidade..."),"",IFERROR(INDEX(CHAMADOS_GOP!$P$2:$P$500,MATCH(1,CHAMADOS_GOP!$AE$2:$AE$500,0)),"Sem chamado aberto"))
A14: CHAMADOS DA UNIDADE
A15: ID Chamado | B15: Data Abertura | C15: Tipo de Demanda | D15: Local / Sala | E15: Status | F15: Setor | G15: Próxima Ação | H15: Dias s/ Atualização | I15: Alerta SLA
A16: =IF(OR($B$4="",$B$4="Selecione a Unidade..."),"",IFERROR(INDEX(CHAMADOS_GOP!B$2:B$500,MATCH(1,CHAMADOS_GOP!$AE$2:$AE$500,0)),"")) | B16: =IF(OR($B$4="",$B$4="Selecione a Unidade..."),"",IFERROR(INDEX(CHAMADOS_GOP!W$2:W$500,MATCH(1,CHAMADOS_GOP!$AE$2:$AE$500,0)),"")) | C16: =IF(OR($B$4="",$B$4="Selecione a Unidade..."),"",IFERROR(INDEX(CHAMADOS_GOP!F$2:F$500,MATCH(1,CHAMADOS_GOP!$AE$2:$AE$500,0)),"")) | D16: =IF(OR($B$4="",$B$4="Selecione a Unidade..."),"",IFERROR(INDEX(CHAMADOS_GOP!E$2:E$500,MATCH(1,CHAMADOS_GOP!$AE$2:$AE$500,0)),"")) | E16: =IF(OR($B$4="",$B$4="Selecione a Unidade..."),"",IFERROR(INDEX(CHAMADOS_GOP!O$2:O$500,MATCH(1,CHAMADOS_GOP!$AE$2:$AE$500,0)),"")) | F16: =IF(OR($B$4="",$B$4="Selecione a Unidade..."),"",IFERROR(INDEX(CHAMADOS_GOP!P$2:P$500,MATCH(1,CHAMADOS_GOP!$AE$2:$AE$500,0)),"")) | G16: =IF(OR($B$4="",$B$4="Selecione a Unidade..."),"",IFERROR(INDEX(CHAMADOS_GOP!Q$2:Q$500,MATCH(1,CHAMADOS_GOP!$AE$2:$AE$500,0)),"")) | H16: =IF(OR($B$4="",$B$4="Selecione a Unidade..."),"",IFERROR(INDEX(CHAMADOS_GOP!S$2:S$500,MATCH(1,CHAMADOS_GOP!$AE$2:$AE$500,0)),"")) | I16: =IF(OR($B$4="",$B$4="Selecione a Unidade..."),"",IFERROR(INDEX(CHAMADOS_GOP!Y$2:Y$500,MATCH(1,CHAMADOS_GOP!$AE$2:$AE$500,0)),""))
A17: =IF(OR($B$4="",$B$4="Selecione a Unidade..."),"",IFERROR(INDEX(CHAMADOS_GOP!B$2:B$500,MATCH(2,CHAMADOS_GOP!$AE$2:$AE$500,0)),"")) | B17: =IF(OR($B$4="",$B$4="Selecione a Unidade..."),"",IFERROR(INDEX(CHAMADOS_GOP!W$2:W$500,MATCH(2,CHAMADOS_GOP!$AE$2:$AE$500,0)),"")) | C17: =IF(OR($B$4="",$B$4="Selecione a Unidade..."),"",IFERROR(INDEX(CHAMADOS_GOP!F$2:F$500,MATCH(2,CHAMADOS_GOP!$AE$2:$AE$500,0)),"")) | D17: =IF(OR($B$4="",$B$4="Selecione a Unidade..."),"",IFERROR(INDEX(CHAMADOS_GOP!E$2:E$500,MATCH(2,CHAMADOS_GOP!$AE$2:$AE$500,0)),"")) | E17: =IF(OR($B$4="",$B$4="Selecione a Unidade..."),"",IFERROR(INDEX(CHAMADOS_GOP!O$2:O$500,MATCH(2,CHAMADOS_GOP!$AE$2:$AE$500,0)),"")) | F17: =IF(OR($B$4="",$B$4="Selecione a Unidade..."),"",IFERROR(INDEX(CHAMADOS_GOP!P$2:P$500,MATCH(2,CHAMADOS_GOP!$AE$2:$AE$500,0)),"")) | G17: =IF(OR($B$4="",$B$4="Selecione a Unidade..."),"",IFERROR(INDEX(CHAMADOS_GOP!Q$2:Q$500,MATCH(2,CHAMADOS_GOP!$AE$2:$AE$500,0)),"")) | H17: =IF(OR($B$4="",$B$4="Selecione a Unidade..."),"",IFERROR(INDEX(CHAMADOS_GOP!S$2:S$500,MATCH(2,CHAMADOS_GOP!$AE$2:$AE$500,0)),"")) | I17: =IF(OR($B$4="",$B$4="Selecione a Unidade..."),"",IFERROR(INDEX(CHAMADOS_GOP!Y$2:Y$500,MATCH(2,CHAMADOS_GOP!$AE$2:$AE$500,0)),""))
A18: =IF(OR($B$4="",$B$4="Selecione a Unidade..."),"",IFERROR(INDEX(CHAMADOS_GOP!B$2:B$500,MATCH(3,CHAMADOS_GOP!$AE$2:$AE$500,0)),"")) | B18: =IF(OR($B$4="",$B$4="Selecione a Unidade..."),"",IFERROR(INDEX(CHAMADOS_GOP!W$2:W$500,MATCH(3,CHAMADOS_GOP!$AE$2:$AE$500,0)),"")) | C18: =IF(OR($B$4="",$B$4="Selecione a Unidade..."),"",IFERROR(INDEX(CHAMADOS_GOP!F$2:F$500,MATCH(3,CHAMADOS_GOP!$AE$2:$AE$500,0)),"")) | D18: =IF(OR($B$4="",$B$4="Selecione a Unidade..."),"",IFERROR(INDEX(CHAMADOS_GOP!E$2:E$500,MATCH(3,CHAMADOS_GOP!$AE$2:$AE$500,0)),"")) | E18: =IF(OR($B$4="",$B$4="Selecione a Unidade..."),"",IFERROR(INDEX(CHAMADOS_GOP!O$2:O$500,MATCH(3,CHAMADOS_GOP!$AE$2:$AE$500,0)),"")) | F18: =IF(OR($B$4="",$B$4="Selecione a Unidade..."),"",IFERROR(INDEX(CHAMADOS_GOP!P$2:P$500,MATCH(3,CHAMADOS_GOP!$AE$2:$AE$500,0)),"")) | G18: =IF(OR($B$4="",$B$4="Selecione a Unidade..."),"",IFERROR(INDEX(CHAMADOS_GOP!Q$2:Q$500,MATCH(3,CHAMADOS_GOP!$AE$2:$AE$500,0)),"")) | H18: =IF(OR($B$4="",$B$4="Selecione a Unidade..."),"",IFERROR(INDEX(CHAMADOS_GOP!S$2:S$500,MATCH(3,CHAMADOS_GOP!$AE$2:$AE$500,0)),"")) | I18: =IF(OR($B$4="",$B$4="Selecione a Unidade..."),"",IFERROR(INDEX(CHAMADOS_GOP!Y$2:Y$500,MATCH(3,CHAMADOS_GOP!$AE$2:$AE$500,0)),""))
A19: =IF(OR($B$4="",$B$4="Selecione a Unidade..."),"",IFERROR(INDEX(CHAMADOS_GOP!B$2:B$500,MATCH(4,CHAMADOS_GOP!$AE$2:$AE$500,0)),"")) | B19: =IF(OR($B$4="",$B$4="Selecione a Unidade..."),"",IFERROR(INDEX(CHAMADOS_GOP!W$2:W$500,MATCH(4,CHAMADOS_GOP!$AE$2:$AE$500,0)),"")) | C19: =IF(OR($B$4="",$B$4="Selecione a Unidade..."),"",IFERROR(INDEX(CHAMADOS_GOP!F$2:F$500,MATCH(4,CHAMADOS_GOP!$AE$2:$AE$500,0)),"")) | D19: =IF(OR($B$4="",$B$4="Selecione a Unidade..."),"",IFERROR(INDEX(CHAMADOS_GOP!E$2:E$500,MATCH(4,CHAMADOS_GOP!$AE$2:$AE$500,0)),"")) | E19: =IF(OR($B$4="",$B$4="Selecione a Unidade..."),"",IFERROR(INDEX(CHAMADOS_GOP!O$2:O$500,MATCH(4,CHAMADOS_GOP!$AE$2:$AE$500,0)),"")) | F19: =IF(OR($B$4="",$B$4="Selecione a Unidade..."),"",IFERROR(INDEX(CHAMADOS_GOP!P$2:P$500,MATCH(4,CHAMADOS_GOP!$AE$2:$AE$500,0)),"")) | G19: =IF(OR($B$4="",$B$4="Selecione a Unidade..."),"",IFERROR(INDEX(CHAMADOS_GOP!Q$2:Q$500,MATCH(4,CHAMADOS_GOP!$AE$2:$AE$500,0)),"")) | H19: =IF(OR($B$4="",$B$4="Selecione a Unidade..."),"",IFERROR(INDEX(CHAMADOS_GOP!S$2:S$500,MATCH(4,CHAMADOS_GOP!$AE$2:$AE$500,0)),"")) | I19: =IF(OR($B$4="",$B$4="Selecione a Unidade..."),"",IFERROR(INDEX(CHAMADOS_GOP!Y$2:Y$500,MATCH(4,CHAMADOS_GOP!$AE$2:$AE$500,0)),""))
A20: =IF(OR($B$4="",$B$4="Selecione a Unidade..."),"",IFERROR(INDEX(CHAMADOS_GOP!B$2:B$500,MATCH(5,CHAMADOS_GOP!$AE$2:$AE$500,0)),"")) | B20: =IF(OR($B$4="",$B$4="Selecione a Unidade..."),"",IFERROR(INDEX(CHAMADOS_GOP!W$2:W$500,MATCH(5,CHAMADOS_GOP!$AE$2:$AE$500,0)),"")) | C20: =IF(OR($B$4="",$B$4="Selecione a Unidade..."),"",IFERROR(INDEX(CHAMADOS_GOP!F$2:F$500,MATCH(5,CHAMADOS_GOP!$AE$2:$AE$500,0)),"")) | D20: =IF(OR($B$4="",$B$4="Selecione a Unidade..."),"",IFERROR(INDEX(CHAMADOS_GOP!E$2:E$500,MATCH(5,CHAMADOS_GOP!$AE$2:$AE$500,0)),"")) | E20: =IF(OR($B$4="",$B$4="Selecione a Unidade..."),"",IFERROR(INDEX(CHAMADOS_GOP!O$2:O$500,MATCH(5,CHAMADOS_GOP!$AE$2:$AE$500,0)),"")) | F20: =IF(OR($B$4="",$B$4="Selecione a Unidade..."),"",IFERROR(INDEX(CHAMADOS_GOP!P$2:P$500,MATCH(5,CHAMADOS_GOP!$AE$2:$AE$500,0)),"")) | G20: =IF(OR($B$4="",$B$4="Selecione a Unidade..."),"",IFERROR(INDEX(CHAMADOS_GOP!Q$2:Q$500,MATCH(5,CHAMADOS_GOP!$AE$2:$AE$500,0)),"")) | H20: =IF(OR($B$4="",$B$4="Selecione a Unidade..."),"",IFERROR(INDEX(CHAMADOS_GOP!S$2:S$500,MATCH(5,CHAMADOS_GOP!$AE$2:$AE$500,0)),"")) | I20: =IF(OR($B$4="",$B$4="Selecione a Unidade..."),"",IFERROR(INDEX(CHAMADOS_GOP!Y$2:Y$500,MATCH(5,CHAMADOS_GOP!$AE$2:$AE$500,0)),""))
A21: =IF(OR($B$4="",$B$4="Selecione a Unidade..."),"",IFERROR(INDEX(CHAMADOS_GOP!B$2:B$500,MATCH(6,CHAMADOS_GOP!$AE$2:$AE$500,0)),"")) | B21: =IF(OR($B$4="",$B$4="Selecione a Unidade..."),"",IFERROR(INDEX(CHAMADOS_GOP!W$2:W$500,MATCH(6,CHAMADOS_GOP!$AE$2:$AE$500,0)),"")) | C21: =IF(OR($B$4="",$B$4="Selecione a Unidade..."),"",IFERROR(INDEX(CHAMADOS_GOP!F$2:F$500,MATCH(6,CHAMADOS_GOP!$AE$2:$AE$500,0)),"")) | D21: =IF(OR($B$4="",$B$4="Selecione a Unidade..."),"",IFERROR(INDEX(CHAMADOS_GOP!E$2:E$500,MATCH(6,CHAMADOS_GOP!$AE$2:$AE$500,0)),"")) | E21: =IF(OR($B$4="",$B$4="Selecione a Unidade..."),"",IFERROR(INDEX(CHAMADOS_GOP!O$2:O$500,MATCH(6,CHAMADOS_GOP!$AE$2:$AE$500,0)),"")) | F21: =IF(OR($B$4="",$B$4="Selecione a Unidade..."),"",IFERROR(INDEX(CHAMADOS_GOP!P$2:P$500,MATCH(6,CHAMADOS_GOP!$AE$2:$AE$500,0)),"")) | G21: =IF(OR($B$4="",$B$4="Selecione a Unidade..."),"",IFERROR(INDEX(CHAMADOS_GOP!Q$2:Q$500,MATCH(6,CHAMADOS_GOP!$AE$2:$AE$500,0)),"")) | H21: =IF(OR($B$4="",$B$4="Selecione a Unidade..."),"",IFERROR(INDEX(CHAMADOS_GOP!S$2:S$500,MATCH(6,CHAMADOS_GOP!$AE$2:$AE$500,0)),"")) | I21: =IF(OR($B$4="",$B$4="Selecione a Unidade..."),"",IFERROR(INDEX(CHAMADOS_GOP!Y$2:Y$500,MATCH(6,CHAMADOS_GOP!$AE$2:$AE$500,0)),""))
A22: =IF(OR($B$4="",$B$4="Selecione a Unidade..."),"",IFERROR(INDEX(CHAMADOS_GOP!B$2:B$500,MATCH(7,CHAMADOS_GOP!$AE$2:$AE$500,0)),"")) | B22: =IF(OR($B$4="",$B$4="Selecione a Unidade..."),"",IFERROR(INDEX(CHAMADOS_GOP!W$2:W$500,MATCH(7,CHAMADOS_GOP!$AE$2:$AE$500,0)),"")) | C22: =IF(OR($B$4="",$B$4="Selecione a Unidade..."),"",IFERROR(INDEX(CHAMADOS_GOP!F$2:F$500,MATCH(7,CHAMADOS_GOP!$AE$2:$AE$500,0)),"")) | D22: =IF(OR($B$4="",$B$4="Selecione a Unidade..."),"",IFERROR(INDEX(CHAMADOS_GOP!E$2:E$500,MATCH(7,CHAMADOS_GOP!$AE$2:$AE$500,0)),"")) | E22: =IF(OR($B$4="",$B$4="Selecione a Unidade..."),"",IFERROR(INDEX(CHAMADOS_GOP!O$2:O$500,MATCH(7,CHAMADOS_GOP!$AE$2:$AE$500,0)),"")) | F22: =IF(OR($B$4="",$B$4="Selecione a Unidade..."),"",IFERROR(INDEX(CHAMADOS_GOP!P$2:P$500,MATCH(7,CHAMADOS_GOP!$AE$2:$AE$500,0)),"")) | G22: =IF(OR($B$4="",$B$4="Selecione a Unidade..."),"",IFERROR(INDEX(CHAMADOS_GOP!Q$2:Q$500,MATCH(7,CHAMADOS_GOP!$AE$2:$AE$500,0)),"")) | H22: =IF(OR($B$4="",$B$4="Selecione a Unidade..."),"",IFERROR(INDEX(CHAMADOS_GOP!S$2:S$500,MATCH(7,CHAMADOS_GOP!$AE$2:$AE$500,0)),"")) | I22: =IF(OR($B$4="",$B$4="Selecione a Unidade..."),"",IFERROR(INDEX(CHAMADOS_GOP!Y$2:Y$500,MATCH(7,CHAMADOS_GOP!$AE$2:$AE$500,0)),""))
A23: =IF(OR($B$4="",$B$4="Selecione a Unidade..."),"",IFERROR(INDEX(CHAMADOS_GOP!B$2:B$500,MATCH(8,CHAMADOS_GOP!$AE$2:$AE$500,0)),"")) | B23: =IF(OR($B$4="",$B$4="Selecione a Unidade..."),"",IFERROR(INDEX(CHAMADOS_GOP!W$2:W$500,MATCH(8,CHAMADOS_GOP!$AE$2:$AE$500,0)),"")) | C23: =IF(OR($B$4="",$B$4="Selecione a Unidade..."),"",IFERROR(INDEX(CHAMADOS_GOP!F$2:F$500,MATCH(8,CHAMADOS_GOP!$AE$2:$AE$500,0)),"")) | D23: =IF(OR($B$4="",$B$4="Selecione a Unidade..."),"",IFERROR(INDEX(CHAMADOS_GOP!E$2:E$500,MATCH(8,CHAMADOS_GOP!$AE$2:$AE$500,0)),"")) | E23: =IF(OR($B$4="",$B$4="Selecione a Unidade..."),"",IFERROR(INDEX(CHAMADOS_GOP!O$2:O$500,MATCH(8,CHAMADOS_GOP!$AE$2:$AE$500,0)),"")) | F23: =IF(OR($B$4="",$B$4="Selecione a Unidade..."),"",IFERROR(INDEX(CHAMADOS_GOP!P$2:P$500,MATCH(8,CHAMADOS_GOP!$AE$2:$AE$500,0)),"")) | G23: =IF(OR($B$4="",$B$4="Selecione a Unidade..."),"",IFERROR(INDEX(CHAMADOS_GOP!Q$2:Q$500,MATCH(8,CHAMADOS_GOP!$AE$2:$AE$500,0)),"")) | H23: =IF(OR($B$4="",$B$4="Selecione a Unidade..."),"",IFERROR(INDEX(CHAMADOS_GOP!S$2:S$500,MATCH(8,CHAMADOS_GOP!$AE$2:$AE$500,0)),"")) | I23: =IF(OR($B$4="",$B$4="Selecione a Unidade..."),"",IFERROR(INDEX(CHAMADOS_GOP!Y$2:Y$500,MATCH(8,CHAMADOS_GOP!$AE$2:$AE$500,0)),""))
A24: =IF(OR($B$4="",$B$4="Selecione a Unidade..."),"",IFERROR(INDEX(CHAMADOS_GOP!B$2:B$500,MATCH(9,CHAMADOS_GOP!$AE$2:$AE$500,0)),"")) | B24: =IF(OR($B$4="",$B$4="Selecione a Unidade..."),"",IFERROR(INDEX(CHAMADOS_GOP!W$2:W$500,MATCH(9,CHAMADOS_GOP!$AE$2:$AE$500,0)),"")) | C24: =IF(OR($B$4="",$B$4="Selecione a Unidade..."),"",IFERROR(INDEX(CHAMADOS_GOP!F$2:F$500,MATCH(9,CHAMADOS_GOP!$AE$2:$AE$500,0)),"")) | D24: =IF(OR($B$4="",$B$4="Selecione a Unidade..."),"",IFERROR(INDEX(CHAMADOS_GOP!E$2:E$500,MATCH(9,CHAMADOS_GOP!$AE$2:$AE$500,0)),"")) | E24: =IF(OR($B$4="",$B$4="Selecione a Unidade..."),"",IFERROR(INDEX(CHAMADOS_GOP!O$2:O$500,MATCH(9,CHAMADOS_GOP!$AE$2:$AE$500,0)),"")) | F24: =IF(OR($B$4="",$B$4="Selecione a Unidade..."),"",IFERROR(INDEX(CHAMADOS_GOP!P$2:P$500,MATCH(9,CHAMADOS_GOP!$AE$2:$AE$500,0)),"")) | G24: =IF(OR($B$4="",$B$4="Selecione a Unidade..."),"",IFERROR(INDEX(CHAMADOS_GOP!Q$2:Q$500,MATCH(9,CHAMADOS_GOP!$AE$2:$AE$500,0)),"")) | H24: =IF(OR($B$4="",$B$4="Selecione a Unidade..."),"",IFERROR(INDEX(CHAMADOS_GOP!S$2:S$500,MATCH(9,CHAMADOS_GOP!$AE$2:$AE$500,0)),"")) | I24: =IF(OR($B$4="",$B$4="Selecione a Unidade..."),"",IFERROR(INDEX(CHAMADOS_GOP!Y$2:Y$500,MATCH(9,CHAMADOS_GOP!$AE$2:$AE$500,0)),""))
A25: =IF(OR($B$4="",$B$4="Selecione a Unidade..."),"",IFERROR(INDEX(CHAMADOS_GOP!B$2:B$500,MATCH(10,CHAMADOS_GOP!$AE$2:$AE$500,0)),"")) | B25: =IF(OR($B$4="",$B$4="Selecione a Unidade..."),"",IFERROR(INDEX(CHAMADOS_GOP!W$2:W$500,MATCH(10,CHAMADOS_GOP!$AE$2:$AE$500,0)),"")) | C25: =IF(OR($B$4="",$B$4="Selecione a Unidade..."),"",IFERROR(INDEX(CHAMADOS_GOP!F$2:F$500,MATCH(10,CHAMADOS_GOP!$AE$2:$AE$500,0)),"")) | D25: =IF(OR($B$4="",$B$4="Selecione a Unidade..."),"",IFERROR(INDEX(CHAMADOS_GOP!E$2:E$500,MATCH(10,CHAMADOS_GOP!$AE$2:$AE$500,0)),"")) | E25: =IF(OR($B$4="",$B$4="Selecione a Unidade..."),"",IFERROR(INDEX(CHAMADOS_GOP!O$2:O$500,MATCH(10,CHAMADOS_GOP!$AE$2:$AE$500,0)),"")) | F25: =IF(OR($B$4="",$B$4="Selecione a Unidade..."),"",IFERROR(INDEX(CHAMADOS_GOP!P$2:P$500,MATCH(10,CHAMADOS_GOP!$AE$2:$AE$500,0)),"")) | G25: =IF(OR($B$4="",$B$4="Selecione a Unidade..."),"",IFERROR(INDEX(CHAMADOS_GOP!Q$2:Q$500,MATCH(10,CHAMADOS_GOP!$AE$2:$AE$500,0)),"")) | H25: =IF(OR($B$4="",$B$4="Selecione a Unidade..."),"",IFERROR(INDEX(CHAMADOS_GOP!S$2:S$500,MATCH(10,CHAMADOS_GOP!$AE$2:$AE$500,0)),"")) | I25: =IF(OR($B$4="",$B$4="Selecione a Unidade..."),"",IFERROR(INDEX(CHAMADOS_GOP!Y$2:Y$500,MATCH(10,CHAMADOS_GOP!$AE$2:$AE$500,0)),""))
A26: =IF(OR($B$4="",$B$4="Selecione a Unidade..."),"",IFERROR(INDEX(CHAMADOS_GOP!B$2:B$500,MATCH(11,CHAMADOS_GOP!$AE$2:$AE$500,0)),"")) | B26: =IF(OR($B$4="",$B$4="Selecione a Unidade..."),"",IFERROR(INDEX(CHAMADOS_GOP!W$2:W$500,MATCH(11,CHAMADOS_GOP!$AE$2:$AE$500,0)),"")) | C26: =IF(OR($B$4="",$B$4="Selecione a Unidade..."),"",IFERROR(INDEX(CHAMADOS_GOP!F$2:F$500,MATCH(11,CHAMADOS_GOP!$AE$2:$AE$500,0)),"")) | D26: =IF(OR($B$4="",$B$4="Selecione a Unidade..."),"",IFERROR(INDEX(CHAMADOS_GOP!E$2:E$500,MATCH(11,CHAMADOS_GOP!$AE$2:$AE$500,0)),"")) | E26: =IF(OR($B$4="",$B$4="Selecione a Unidade..."),"",IFERROR(INDEX(CHAMADOS_GOP!O$2:O$500,MATCH(11,CHAMADOS_GOP!$AE$2:$AE$500,0)),"")) | F26: =IF(OR($B$4="",$B$4="Selecione a Unidade..."),"",IFERROR(INDEX(CHAMADOS_GOP!P$2:P$500,MATCH(11,CHAMADOS_GOP!$AE$2:$AE$500,0)),"")) | G26: =IF(OR($B$4="",$B$4="Selecione a Unidade..."),"",IFERROR(INDEX(CHAMADOS_GOP!Q$2:Q$500,MATCH(11,CHAMADOS_GOP!$AE$2:$AE$500,0)),"")) | H26: =IF(OR($B$4="",$B$4="Selecione a Unidade..."),"",IFERROR(INDEX(CHAMADOS_GOP!S$2:S$500,MATCH(11,CHAMADOS_GOP!$AE$2:$AE$500,0)),"")) | I26: =IF(OR($B$4="",$B$4="Selecione a Unidade..."),"",IFERROR(INDEX(CHAMADOS_GOP!Y$2:Y$500,MATCH(11,CHAMADOS_GOP!$AE$2:$AE$500,0)),""))
A27: =IF(OR($B$4="",$B$4="Selecione a Unidade..."),"",IFERROR(INDEX(CHAMADOS_GOP!B$2:B$500,MATCH(12,CHAMADOS_GOP!$AE$2:$AE$500,0)),"")) | B27: =IF(OR($B$4="",$B$4="Selecione a Unidade..."),"",IFERROR(INDEX(CHAMADOS_GOP!W$2:W$500,MATCH(12,CHAMADOS_GOP!$AE$2:$AE$500,0)),"")) | C27: =IF(OR($B$4="",$B$4="Selecione a Unidade..."),"",IFERROR(INDEX(CHAMADOS_GOP!F$2:F$500,MATCH(12,CHAMADOS_GOP!$AE$2:$AE$500,0)),"")) | D27: =IF(OR($B$4="",$B$4="Selecione a Unidade..."),"",IFERROR(INDEX(CHAMADOS_GOP!E$2:E$500,MATCH(12,CHAMADOS_GOP!$AE$2:$AE$500,0)),"")) | E27: =IF(OR($B$4="",$B$4="Selecione a Unidade..."),"",IFERROR(INDEX(CHAMADOS_GOP!O$2:O$500,MATCH(12,CHAMADOS_GOP!$AE$2:$AE$500,0)),"")) | F27: =IF(OR($B$4="",$B$4="Selecione a Unidade..."),"",IFERROR(INDEX(CHAMADOS_GOP!P$2:P$500,MATCH(12,CHAMADOS_GOP!$AE$2:$AE$500,0)),"")) | G27: =IF(OR($B$4="",$B$4="Selecione a Unidade..."),"",IFERROR(INDEX(CHAMADOS_GOP!Q$2:Q$500,MATCH(12,CHAMADOS_GOP!$AE$2:$AE$500,0)),"")) | H27: =IF(OR($B$4="",$B$4="Selecione a Unidade..."),"",IFERROR(INDEX(CHAMADOS_GOP!S$2:S$500,MATCH(12,CHAMADOS_GOP!$AE$2:$AE$500,0)),"")) | I27: =IF(OR($B$4="",$B$4="Selecione a Unidade..."),"",IFERROR(INDEX(CHAMADOS_GOP!Y$2:Y$500,MATCH(12,CHAMADOS_GOP!$AE$2:$AE$500,0)),""))
A28: =IF(OR($B$4="",$B$4="Selecione a Unidade..."),"",IFERROR(INDEX(CHAMADOS_GOP!B$2:B$500,MATCH(13,CHAMADOS_GOP!$AE$2:$AE$500,0)),"")) | B28: =IF(OR($B$4="",$B$4="Selecione a Unidade..."),"",IFERROR(INDEX(CHAMADOS_GOP!W$2:W$500,MATCH(13,CHAMADOS_GOP!$AE$2:$AE$500,0)),"")) | C28: =IF(OR($B$4="",$B$4="Selecione a Unidade..."),"",IFERROR(INDEX(CHAMADOS_GOP!F$2:F$500,MATCH(13,CHAMADOS_GOP!$AE$2:$AE$500,0)),"")) | D28: =IF(OR($B$4="",$B$4="Selecione a Unidade..."),"",IFERROR(INDEX(CHAMADOS_GOP!E$2:E$500,MATCH(13,CHAMADOS_GOP!$AE$2:$AE$500,0)),"")) | E28: =IF(OR($B$4="",$B$4="Selecione a Unidade..."),"",IFERROR(INDEX(CHAMADOS_GOP!O$2:O$500,MATCH(13,CHAMADOS_GOP!$AE$2:$AE$500,0)),"")) | F28: =IF(OR($B$4="",$B$4="Selecione a Unidade..."),"",IFERROR(INDEX(CHAMADOS_GOP!P$2:P$500,MATCH(13,CHAMADOS_GOP!$AE$2:$AE$500,0)),"")) | G28: =IF(OR($B$4="",$B$4="Selecione a Unidade..."),"",IFERROR(INDEX(CHAMADOS_GOP!Q$2:Q$500,MATCH(13,CHAMADOS_GOP!$AE$2:$AE$500,0)),"")) | H28: =IF(OR($B$4="",$B$4="Selecione a Unidade..."),"",IFERROR(INDEX(CHAMADOS_GOP!S$2:S$500,MATCH(13,CHAMADOS_GOP!$AE$2:$AE$500,0)),"")) | I28: =IF(OR($B$4="",$B$4="Selecione a Unidade..."),"",IFERROR(INDEX(CHAMADOS_GOP!Y$2:Y$500,MATCH(13,CHAMADOS_GOP!$AE$2:$AE$500,0)),""))
A29: =IF(OR($B$4="",$B$4="Selecione a Unidade..."),"",IFERROR(INDEX(CHAMADOS_GOP!B$2:B$500,MATCH(14,CHAMADOS_GOP!$AE$2:$AE$500,0)),"")) | B29: =IF(OR($B$4="",$B$4="Selecione a Unidade..."),"",IFERROR(INDEX(CHAMADOS_GOP!W$2:W$500,MATCH(14,CHAMADOS_GOP!$AE$2:$AE$500,0)),"")) | C29: =IF(OR($B$4="",$B$4="Selecione a Unidade..."),"",IFERROR(INDEX(CHAMADOS_GOP!F$2:F$500,MATCH(14,CHAMADOS_GOP!$AE$2:$AE$500,0)),"")) | D29: =IF(OR($B$4="",$B$4="Selecione a Unidade..."),"",IFERROR(INDEX(CHAMADOS_GOP!E$2:E$500,MATCH(14,CHAMADOS_GOP!$AE$2:$AE$500,0)),"")) | E29: =IF(OR($B$4="",$B$4="Selecione a Unidade..."),"",IFERROR(INDEX(CHAMADOS_GOP!O$2:O$500,MATCH(14,CHAMADOS_GOP!$AE$2:$AE$500,0)),"")) | F29: =IF(OR($B$4="",$B$4="Selecione a Unidade..."),"",IFERROR(INDEX(CHAMADOS_GOP!P$2:P$500,MATCH(14,CHAMADOS_GOP!$AE$2:$AE$500,0)),"")) | G29: =IF(OR($B$4="",$B$4="Selecione a Unidade..."),"",IFERROR(INDEX(CHAMADOS_GOP!Q$2:Q$500,MATCH(14,CHAMADOS_GOP!$AE$2:$AE$500,0)),"")) | H29: =IF(OR($B$4="",$B$4="Selecione a Unidade..."),"",IFERROR(INDEX(CHAMADOS_GOP!S$2:S$500,MATCH(14,CHAMADOS_GOP!$AE$2:$AE$500,0)),"")) | I29: =IF(OR($B$4="",$B$4="Selecione a Unidade..."),"",IFERROR(INDEX(CHAMADOS_GOP!Y$2:Y$500,MATCH(14,CHAMADOS_GOP!$AE$2:$AE$500,0)),""))
A30: =IF(OR($B$4="",$B$4="Selecione a Unidade..."),"",IFERROR(INDEX(CHAMADOS_GOP!B$2:B$500,MATCH(15,CHAMADOS_GOP!$AE$2:$AE$500,0)),"")) | B30: =IF(OR($B$4="",$B$4="Selecione a Unidade..."),"",IFERROR(INDEX(CHAMADOS_GOP!W$2:W$500,MATCH(15,CHAMADOS_GOP!$AE$2:$AE$500,0)),"")) | C30: =IF(OR($B$4="",$B$4="Selecione a Unidade..."),"",IFERROR(INDEX(CHAMADOS_GOP!F$2:F$500,MATCH(15,CHAMADOS_GOP!$AE$2:$AE$500,0)),"")) | D30: =IF(OR($B$4="",$B$4="Selecione a Unidade..."),"",IFERROR(INDEX(CHAMADOS_GOP!E$2:E$500,MATCH(15,CHAMADOS_GOP!$AE$2:$AE$500,0)),"")) | E30: =IF(OR($B$4="",$B$4="Selecione a Unidade..."),"",IFERROR(INDEX(CHAMADOS_GOP!O$2:O$500,MATCH(15,CHAMADOS_GOP!$AE$2:$AE$500,0)),"")) | F30: =IF(OR($B$4="",$B$4="Selecione a Unidade..."),"",IFERROR(INDEX(CHAMADOS_GOP!P$2:P$500,MATCH(15,CHAMADOS_GOP!$AE$2:$AE$500,0)),"")) | G30: =IF(OR($B$4="",$B$4="Selecione a Unidade..."),"",IFERROR(INDEX(CHAMADOS_GOP!Q$2:Q$500,MATCH(15,CHAMADOS_GOP!$AE$2:$AE$500,0)),"")) | H30: =IF(OR($B$4="",$B$4="Selecione a Unidade..."),"",IFERROR(INDEX(CHAMADOS_GOP!S$2:S$500,MATCH(15,CHAMADOS_GOP!$AE$2:$AE$500,0)),"")) | I30: =IF(OR($B$4="",$B$4="Selecione a Unidade..."),"",IFERROR(INDEX(CHAMADOS_GOP!Y$2:Y$500,MATCH(15,CHAMADOS_GOP!$AE$2:$AE$500,0)),""))
A31: =IF(OR($B$4="",$B$4="Selecione a Unidade..."),"",IFERROR(INDEX(CHAMADOS_GOP!B$2:B$500,MATCH(16,CHAMADOS_GOP!$AE$2:$AE$500,0)),"")) | B31: =IF(OR($B$4="",$B$4="Selecione a Unidade..."),"",IFERROR(INDEX(CHAMADOS_GOP!W$2:W$500,MATCH(16,CHAMADOS_GOP!$AE$2:$AE$500,0)),"")) | C31: =IF(OR($B$4="",$B$4="Selecione a Unidade..."),"",IFERROR(INDEX(CHAMADOS_GOP!F$2:F$500,MATCH(16,CHAMADOS_GOP!$AE$2:$AE$500,0)),"")) | D31: =IF(OR($B$4="",$B$4="Selecione a Unidade..."),"",IFERROR(INDEX(CHAMADOS_GOP!E$2:E$500,MATCH(16,CHAMADOS_GOP!$AE$2:$AE$500,0)),"")) | E31: =IF(OR($B$4="",$B$4="Selecione a Unidade..."),"",IFERROR(INDEX(CHAMADOS_GOP!O$2:O$500,MATCH(16,CHAMADOS_GOP!$AE$2:$AE$500,0)),"")) | F31: =IF(OR($B$4="",$B$4="Selecione a Unidade..."),"",IFERROR(INDEX(CHAMADOS_GOP!P$2:P$500,MATCH(16,CHAMADOS_GOP!$AE$2:$AE$500,0)),"")) | G31: =IF(OR($B$4="",$B$4="Selecione a Unidade..."),"",IFERROR(INDEX(CHAMADOS_GOP!Q$2:Q$500,MATCH(16,CHAMADOS_GOP!$AE$2:$AE$500,0)),"")) | H31: =IF(OR($B$4="",$B$4="Selecione a Unidade..."),"",IFERROR(INDEX(CHAMADOS_GOP!S$2:S$500,MATCH(16,CHAMADOS_GOP!$AE$2:$AE$500,0)),"")) | I31: =IF(OR($B$4="",$B$4="Selecione a Unidade..."),"",IFERROR(INDEX(CHAMADOS_GOP!Y$2:Y$500,MATCH(16,CHAMADOS_GOP!$AE$2:$AE$500,0)),""))
A32: =IF(OR($B$4="",$B$4="Selecione a Unidade..."),"",IFERROR(INDEX(CHAMADOS_GOP!B$2:B$500,MATCH(17,CHAMADOS_GOP!$AE$2:$AE$500,0)),"")) | B32: =IF(OR($B$4="",$B$4="Selecione a Unidade..."),"",IFERROR(INDEX(CHAMADOS_GOP!W$2:W$500,MATCH(17,CHAMADOS_GOP!$AE$2:$AE$500,0)),"")) | C32: =IF(OR($B$4="",$B$4="Selecione a Unidade..."),"",IFERROR(INDEX(CHAMADOS_GOP!F$2:F$500,MATCH(17,CHAMADOS_GOP!$AE$2:$AE$500,0)),"")) | D32: =IF(OR($B$4="",$B$4="Selecione a Unidade..."),"",IFERROR(INDEX(CHAMADOS_GOP!E$2:E$500,MATCH(17,CHAMADOS_GOP!$AE$2:$AE$500,0)),"")) | E32: =IF(OR($B$4="",$B$4="Selecione a Unidade..."),"",IFERROR(INDEX(CHAMADOS_GOP!O$2:O$500,MATCH(17,CHAMADOS_GOP!$AE$2:$AE$500,0)),"")) | F32: =IF(OR($B$4="",$B$4="Selecione a Unidade..."),"",IFERROR(INDEX(CHAMADOS_GOP!P$2:P$500,MATCH(17,CHAMADOS_GOP!$AE$2:$AE$500,0)),"")) | G32: =IF(OR($B$4="",$B$4="Selecione a Unidade..."),"",IFERROR(INDEX(CHAMADOS_GOP!Q$2:Q$500,MATCH(17,CHAMADOS_GOP!$AE$2:$AE$500,0)),"")) | H32: =IF(OR($B$4="",$B$4="Selecione a Unidade..."),"",IFERROR(INDEX(CHAMADOS_GOP!S$2:S$500,MATCH(17,CHAMADOS_GOP!$AE$2:$AE$500,0)),"")) | I32: =IF(OR($B$4="",$B$4="Selecione a Unidade..."),"",IFERROR(INDEX(CHAMADOS_GOP!Y$2:Y$500,MATCH(17,CHAMADOS_GOP!$AE$2:$AE$500,0)),""))
A33: =IF(OR($B$4="",$B$4="Selecione a Unidade..."),"",IFERROR(INDEX(CHAMADOS_GOP!B$2:B$500,MATCH(18,CHAMADOS_GOP!$AE$2:$AE$500,0)),"")) | B33: =IF(OR($B$4="",$B$4="Selecione a Unidade..."),"",IFERROR(INDEX(CHAMADOS_GOP!W$2:W$500,MATCH(18,CHAMADOS_GOP!$AE$2:$AE$500,0)),"")) | C33: =IF(OR($B$4="",$B$4="Selecione a Unidade..."),"",IFERROR(INDEX(CHAMADOS_GOP!F$2:F$500,MATCH(18,CHAMADOS_GOP!$AE$2:$AE$500,0)),"")) | D33: =IF(OR($B$4="",$B$4="Selecione a Unidade..."),"",IFERROR(INDEX(CHAMADOS_GOP!E$2:E$500,MATCH(18,CHAMADOS_GOP!$AE$2:$AE$500,0)),"")) | E33: =IF(OR($B$4="",$B$4="Selecione a Unidade..."),"",IFERROR(INDEX(CHAMADOS_GOP!O$2:O$500,MATCH(18,CHAMADOS_GOP!$AE$2:$AE$500,0)),"")) | F33: =IF(OR($B$4="",$B$4="Selecione a Unidade..."),"",IFERROR(INDEX(CHAMADOS_GOP!P$2:P$500,MATCH(18,CHAMADOS_GOP!$AE$2:$AE$500,0)),"")) | G33: =IF(OR($B$4="",$B$4="Selecione a Unidade..."),"",IFERROR(INDEX(CHAMADOS_GOP!Q$2:Q$500,MATCH(18,CHAMADOS_GOP!$AE$2:$AE$500,0)),"")) | H33: =IF(OR($B$4="",$B$4="Selecione a Unidade..."),"",IFERROR(INDEX(CHAMADOS_GOP!S$2:S$500,MATCH(18,CHAMADOS_GOP!$AE$2:$AE$500,0)),"")) | I33: =IF(OR($B$4="",$B$4="Selecione a Unidade..."),"",IFERROR(INDEX(CHAMADOS_GOP!Y$2:Y$500,MATCH(18,CHAMADOS_GOP!$AE$2:$AE$500,0)),""))
A34: HISTÓRICO RELEVANTE DA UNIDADE
A35: ID Evento | B35: Data do Evento | C35: ID Chamado | D35: Designação | E35: Unidade Escolar | F35: Marco Relevante | G35: Setor Responsável | H35: Registrado Por | I35: Observação
A36: =IF(OR($B$4="",$B$4="Selecione a Unidade..."),"",IFERROR(INDEX(HISTORICO_RELEVANTE!A$2:A$500,MATCH(1,HISTORICO_RELEVANTE!$K$2:$K$500,0)),"")) | B36: =IF(OR($B$4="",$B$4="Selecione a Unidade..."),"",IFERROR(INDEX(HISTORICO_RELEVANTE!B$2:B$500,MATCH(1,HISTORICO_RELEVANTE!$K$2:$K$500,0)),"")) | C36: =IF(OR($B$4="",$B$4="Selecione a Unidade..."),"",IFERROR(INDEX(HISTORICO_RELEVANTE!C$2:C$500,MATCH(1,HISTORICO_RELEVANTE!$K$2:$K$500,0)),"")) | D36: =IF(OR($B$4="",$B$4="Selecione a Unidade..."),"",IFERROR(INDEX(HISTORICO_RELEVANTE!D$2:D$500,MATCH(1,HISTORICO_RELEVANTE!$K$2:$K$500,0)),"")) | E36: =IF(OR($B$4="",$B$4="Selecione a Unidade..."),"",IFERROR(INDEX(HISTORICO_RELEVANTE!E$2:E$500,MATCH(1,HISTORICO_RELEVANTE!$K$2:$K$500,0)),"")) | F36: =IF(OR($B$4="",$B$4="Selecione a Unidade..."),"",IFERROR(INDEX(HISTORICO_RELEVANTE!F$2:F$500,MATCH(1,HISTORICO_RELEVANTE!$K$2:$K$500,0)),"")) | G36: =IF(OR($B$4="",$B$4="Selecione a Unidade..."),"",IFERROR(INDEX(HISTORICO_RELEVANTE!G$2:G$500,MATCH(1,HISTORICO_RELEVANTE!$K$2:$K$500,0)),"")) | H36: =IF(OR($B$4="",$B$4="Selecione a Unidade..."),"",IFERROR(INDEX(HISTORICO_RELEVANTE!H$2:H$500,MATCH(1,HISTORICO_RELEVANTE!$K$2:$K$500,0)),"")) | I36: =IF(OR($B$4="",$B$4="Selecione a Unidade..."),"",IFERROR(INDEX(HISTORICO_RELEVANTE!I$2:I$500,MATCH(1,HISTORICO_RELEVANTE!$K$2:$K$500,0)),""))
A37: =IF(OR($B$4="",$B$4="Selecione a Unidade..."),"",IFERROR(INDEX(HISTORICO_RELEVANTE!A$2:A$500,MATCH(2,HISTORICO_RELEVANTE!$K$2:$K$500,0)),"")) | B37: =IF(OR($B$4="",$B$4="Selecione a Unidade..."),"",IFERROR(INDEX(HISTORICO_RELEVANTE!B$2:B$500,MATCH(2,HISTORICO_RELEVANTE!$K$2:$K$500,0)),"")) | C37: =IF(OR($B$4="",$B$4="Selecione a Unidade..."),"",IFERROR(INDEX(HISTORICO_RELEVANTE!C$2:C$500,MATCH(2,HISTORICO_RELEVANTE!$K$2:$K$500,0)),"")) | D37: =IF(OR($B$4="",$B$4="Selecione a Unidade..."),"",IFERROR(INDEX(HISTORICO_RELEVANTE!D$2:D$500,MATCH(2,HISTORICO_RELEVANTE!$K$2:$K$500,0)),"")) | E37: =IF(OR($B$4="",$B$4="Selecione a Unidade..."),"",IFERROR(INDEX(HISTORICO_RELEVANTE!E$2:E$500,MATCH(2,HISTORICO_RELEVANTE!$K$2:$K$500,0)),"")) | F37: =IF(OR($B$4="",$B$4="Selecione a Unidade..."),"",IFERROR(INDEX(HISTORICO_RELEVANTE!F$2:F$500,MATCH(2,HISTORICO_RELEVANTE!$K$2:$K$500,0)),"")) | G37: =IF(OR($B$4="",$B$4="Selecione a Unidade..."),"",IFERROR(INDEX(HISTORICO_RELEVANTE!G$2:G$500,MATCH(2,HISTORICO_RELEVANTE!$K$2:$K$500,0)),"")) | H37: =IF(OR($B$4="",$B$4="Selecione a Unidade..."),"",IFERROR(INDEX(HISTORICO_RELEVANTE!H$2:H$500,MATCH(2,HISTORICO_RELEVANTE!$K$2:$K$500,0)),"")) | I37: =IF(OR($B$4="",$B$4="Selecione a Unidade..."),"",IFERROR(INDEX(HISTORICO_RELEVANTE!I$2:I$500,MATCH(2,HISTORICO_RELEVANTE!$K$2:$K$500,0)),""))
A38: =IF(OR($B$4="",$B$4="Selecione a Unidade..."),"",IFERROR(INDEX(HISTORICO_RELEVANTE!A$2:A$500,MATCH(3,HISTORICO_RELEVANTE!$K$2:$K$500,0)),"")) | B38: =IF(OR($B$4="",$B$4="Selecione a Unidade..."),"",IFERROR(INDEX(HISTORICO_RELEVANTE!B$2:B$500,MATCH(3,HISTORICO_RELEVANTE!$K$2:$K$500,0)),"")) | C38: =IF(OR($B$4="",$B$4="Selecione a Unidade..."),"",IFERROR(INDEX(HISTORICO_RELEVANTE!C$2:C$500,MATCH(3,HISTORICO_RELEVANTE!$K$2:$K$500,0)),"")) | D38: =IF(OR($B$4="",$B$4="Selecione a Unidade..."),"",IFERROR(INDEX(HISTORICO_RELEVANTE!D$2:D$500,MATCH(3,HISTORICO_RELEVANTE!$K$2:$K$500,0)),"")) | E38: =IF(OR($B$4="",$B$4="Selecione a Unidade..."),"",IFERROR(INDEX(HISTORICO_RELEVANTE!E$2:E$500,MATCH(3,HISTORICO_RELEVANTE!$K$2:$K$500,0)),"")) | F38: =IF(OR($B$4="",$B$4="Selecione a Unidade..."),"",IFERROR(INDEX(HISTORICO_RELEVANTE!F$2:F$500,MATCH(3,HISTORICO_RELEVANTE!$K$2:$K$500,0)),"")) | G38: =IF(OR($B$4="",$B$4="Selecione a Unidade..."),"",IFERROR(INDEX(HISTORICO_RELEVANTE!G$2:G$500,MATCH(3,HISTORICO_RELEVANTE!$K$2:$K$500,0)),"")) | H38: =IF(OR($B$4="",$B$4="Selecione a Unidade..."),"",IFERROR(INDEX(HISTORICO_RELEVANTE!H$2:H$500,MATCH(3,HISTORICO_RELEVANTE!$K$2:$K$500,0)),"")) | I38: =IF(OR($B$4="",$B$4="Selecione a Unidade..."),"",IFERROR(INDEX(HISTORICO_RELEVANTE!I$2:I$500,MATCH(3,HISTORICO_RELEVANTE!$K$2:$K$500,0)),""))
A39: =IF(OR($B$4="",$B$4="Selecione a Unidade..."),"",IFERROR(INDEX(HISTORICO_RELEVANTE!A$2:A$500,MATCH(4,HISTORICO_RELEVANTE!$K$2:$K$500,0)),"")) | B39: =IF(OR($B$4="",$B$4="Selecione a Unidade..."),"",IFERROR(INDEX(HISTORICO_RELEVANTE!B$2:B$500,MATCH(4,HISTORICO_RELEVANTE!$K$2:$K$500,0)),"")) | C39: =IF(OR($B$4="",$B$4="Selecione a Unidade..."),"",IFERROR(INDEX(HISTORICO_RELEVANTE!C$2:C$500,MATCH(4,HISTORICO_RELEVANTE!$K$2:$K$500,0)),"")) | D39: =IF(OR($B$4="",$B$4="Selecione a Unidade..."),"",IFERROR(INDEX(HISTORICO_RELEVANTE!D$2:D$500,MATCH(4,HISTORICO_RELEVANTE!$K$2:$K$500,0)),"")) | E39: =IF(OR($B$4="",$B$4="Selecione a Unidade..."),"",IFERROR(INDEX(HISTORICO_RELEVANTE!E$2:E$500,MATCH(4,HISTORICO_RELEVANTE!$K$2:$K$500,0)),"")) | F39: =IF(OR($B$4="",$B$4="Selecione a Unidade..."),"",IFERROR(INDEX(HISTORICO_RELEVANTE!F$2:F$500,MATCH(4,HISTORICO_RELEVANTE!$K$2:$K$500,0)),"")) | G39: =IF(OR($B$4="",$B$4="Selecione a Unidade..."),"",IFERROR(INDEX(HISTORICO_RELEVANTE!G$2:G$500,MATCH(4,HISTORICO_RELEVANTE!$K$2:$K$500,0)),"")) | H39: =IF(OR($B$4="",$B$4="Selecione a Unidade..."),"",IFERROR(INDEX(HISTORICO_RELEVANTE!H$2:H$500,MATCH(4,HISTORICO_RELEVANTE!$K$2:$K$500,0)),"")) | I39: =IF(OR($B$4="",$B$4="Selecione a Unidade..."),"",IFERROR(INDEX(HISTORICO_RELEVANTE!I$2:I$500,MATCH(4,HISTORICO_RELEVANTE!$K$2:$K$500,0)),""))
A40: =IF(OR($B$4="",$B$4="Selecione a Unidade..."),"",IFERROR(INDEX(HISTORICO_RELEVANTE!A$2:A$500,MATCH(5,HISTORICO_RELEVANTE!$K$2:$K$500,0)),"")) | B40: =IF(OR($B$4="",$B$4="Selecione a Unidade..."),"",IFERROR(INDEX(HISTORICO_RELEVANTE!B$2:B$500,MATCH(5,HISTORICO_RELEVANTE!$K$2:$K$500,0)),"")) | C40: =IF(OR($B$4="",$B$4="Selecione a Unidade..."),"",IFERROR(INDEX(HISTORICO_RELEVANTE!C$2:C$500,MATCH(5,HISTORICO_RELEVANTE!$K$2:$K$500,0)),"")) | D40: =IF(OR($B$4="",$B$4="Selecione a Unidade..."),"",IFERROR(INDEX(HISTORICO_RELEVANTE!D$2:D$500,MATCH(5,HISTORICO_RELEVANTE!$K$2:$K$500,0)),"")) | E40: =IF(OR($B$4="",$B$4="Selecione a Unidade..."),"",IFERROR(INDEX(HISTORICO_RELEVANTE!E$2:E$500,MATCH(5,HISTORICO_RELEVANTE!$K$2:$K$500,0)),"")) | F40: =IF(OR($B$4="",$B$4="Selecione a Unidade..."),"",IFERROR(INDEX(HISTORICO_RELEVANTE!F$2:F$500,MATCH(5,HISTORICO_RELEVANTE!$K$2:$K$500,0)),"")) | G40: =IF(OR($B$4="",$B$4="Selecione a Unidade..."),"",IFERROR(INDEX(HISTORICO_RELEVANTE!G$2:G$500,MATCH(5,HISTORICO_RELEVANTE!$K$2:$K$500,0)),"")) | H40: =IF(OR($B$4="",$B$4="Selecione a Unidade..."),"",IFERROR(INDEX(HISTORICO_RELEVANTE!H$2:H$500,MATCH(5,HISTORICO_RELEVANTE!$K$2:$K$500,0)),"")) | I40: =IF(OR($B$4="",$B$4="Selecione a Unidade..."),"",IFERROR(INDEX(HISTORICO_RELEVANTE!I$2:I$500,MATCH(5,HISTORICO_RELEVANTE!$K$2:$K$500,0)),""))
A41: =IF(OR($B$4="",$B$4="Selecione a Unidade..."),"",IFERROR(INDEX(HISTORICO_RELEVANTE!A$2:A$500,MATCH(6,HISTORICO_RELEVANTE!$K$2:$K$500,0)),"")) | B41: =IF(OR($B$4="",$B$4="Selecione a Unidade..."),"",IFERROR(INDEX(HISTORICO_RELEVANTE!B$2:B$500,MATCH(6,HISTORICO_RELEVANTE!$K$2:$K$500,0)),"")) | C41: =IF(OR($B$4="",$B$4="Selecione a Unidade..."),"",IFERROR(INDEX(HISTORICO_RELEVANTE!C$2:C$500,MATCH(6,HISTORICO_RELEVANTE!$K$2:$K$500,0)),"")) | D41: =IF(OR($B$4="",$B$4="Selecione a Unidade..."),"",IFERROR(INDEX(HISTORICO_RELEVANTE!D$2:D$500,MATCH(6,HISTORICO_RELEVANTE!$K$2:$K$500,0)),"")) | E41: =IF(OR($B$4="",$B$4="Selecione a Unidade..."),"",IFERROR(INDEX(HISTORICO_RELEVANTE!E$2:E$500,MATCH(6,HISTORICO_RELEVANTE!$K$2:$K$500,0)),"")) | F41: =IF(OR($B$4="",$B$4="Selecione a Unidade..."),"",IFERROR(INDEX(HISTORICO_RELEVANTE!F$2:F$500,MATCH(6,HISTORICO_RELEVANTE!$K$2:$K$500,0)),"")) | G41: =IF(OR($B$4="",$B$4="Selecione a Unidade..."),"",IFERROR(INDEX(HISTORICO_RELEVANTE!G$2:G$500,MATCH(6,HISTORICO_RELEVANTE!$K$2:$K$500,0)),"")) | H41: =IF(OR($B$4="",$B$4="Selecione a Unidade..."),"",IFERROR(INDEX(HISTORICO_RELEVANTE!H$2:H$500,MATCH(6,HISTORICO_RELEVANTE!$K$2:$K$500,0)),"")) | I41: =IF(OR($B$4="",$B$4="Selecione a Unidade..."),"",IFERROR(INDEX(HISTORICO_RELEVANTE!I$2:I$500,MATCH(6,HISTORICO_RELEVANTE!$K$2:$K$500,0)),""))
A42: =IF(OR($B$4="",$B$4="Selecione a Unidade..."),"",IFERROR(INDEX(HISTORICO_RELEVANTE!A$2:A$500,MATCH(7,HISTORICO_RELEVANTE!$K$2:$K$500,0)),"")) | B42: =IF(OR($B$4="",$B$4="Selecione a Unidade..."),"",IFERROR(INDEX(HISTORICO_RELEVANTE!B$2:B$500,MATCH(7,HISTORICO_RELEVANTE!$K$2:$K$500,0)),"")) | C42: =IF(OR($B$4="",$B$4="Selecione a Unidade..."),"",IFERROR(INDEX(HISTORICO_RELEVANTE!C$2:C$500,MATCH(7,HISTORICO_RELEVANTE!$K$2:$K$500,0)),"")) | D42: =IF(OR($B$4="",$B$4="Selecione a Unidade..."),"",IFERROR(INDEX(HISTORICO_RELEVANTE!D$2:D$500,MATCH(7,HISTORICO_RELEVANTE!$K$2:$K$500,0)),"")) | E42: =IF(OR($B$4="",$B$4="Selecione a Unidade..."),"",IFERROR(INDEX(HISTORICO_RELEVANTE!E$2:E$500,MATCH(7,HISTORICO_RELEVANTE!$K$2:$K$500,0)),"")) | F42: =IF(OR($B$4="",$B$4="Selecione a Unidade..."),"",IFERROR(INDEX(HISTORICO_RELEVANTE!F$2:F$500,MATCH(7,HISTORICO_RELEVANTE!$K$2:$K$500,0)),"")) | G42: =IF(OR($B$4="",$B$4="Selecione a Unidade..."),"",IFERROR(INDEX(HISTORICO_RELEVANTE!G$2:G$500,MATCH(7,HISTORICO_RELEVANTE!$K$2:$K$500,0)),"")) | H42: =IF(OR($B$4="",$B$4="Selecione a Unidade..."),"",IFERROR(INDEX(HISTORICO_RELEVANTE!H$2:H$500,MATCH(7,HISTORICO_RELEVANTE!$K$2:$K$500,0)),"")) | I42: =IF(OR($B$4="",$B$4="Selecione a Unidade..."),"",IFERROR(INDEX(HISTORICO_RELEVANTE!I$2:I$500,MATCH(7,HISTORICO_RELEVANTE!$K$2:$K$500,0)),""))
A43: =IF(OR($B$4="",$B$4="Selecione a Unidade..."),"",IFERROR(INDEX(HISTORICO_RELEVANTE!A$2:A$500,MATCH(8,HISTORICO_RELEVANTE!$K$2:$K$500,0)),"")) | B43: =IF(OR($B$4="",$B$4="Selecione a Unidade..."),"",IFERROR(INDEX(HISTORICO_RELEVANTE!B$2:B$500,MATCH(8,HISTORICO_RELEVANTE!$K$2:$K$500,0)),"")) | C43: =IF(OR($B$4="",$B$4="Selecione a Unidade..."),"",IFERROR(INDEX(HISTORICO_RELEVANTE!C$2:C$500,MATCH(8,HISTORICO_RELEVANTE!$K$2:$K$500,0)),"")) | D43: =IF(OR($B$4="",$B$4="Selecione a Unidade..."),"",IFERROR(INDEX(HISTORICO_RELEVANTE!D$2:D$500,MATCH(8,HISTORICO_RELEVANTE!$K$2:$K$500,0)),"")) | E43: =IF(OR($B$4="",$B$4="Selecione a Unidade..."),"",IFERROR(INDEX(HISTORICO_RELEVANTE!E$2:E$500,MATCH(8,HISTORICO_RELEVANTE!$K$2:$K$500,0)),"")) | F43: =IF(OR($B$4="",$B$4="Selecione a Unidade..."),"",IFERROR(INDEX(HISTORICO_RELEVANTE!F$2:F$500,MATCH(8,HISTORICO_RELEVANTE!$K$2:$K$500,0)),"")) | G43: =IF(OR($B$4="",$B$4="Selecione a Unidade..."),"",IFERROR(INDEX(HISTORICO_RELEVANTE!G$2:G$500,MATCH(8,HISTORICO_RELEVANTE!$K$2:$K$500,0)),"")) | H43: =IF(OR($B$4="",$B$4="Selecione a Unidade..."),"",IFERROR(INDEX(HISTORICO_RELEVANTE!H$2:H$500,MATCH(8,HISTORICO_RELEVANTE!$K$2:$K$500,0)),"")) | I43: =IF(OR($B$4="",$B$4="Selecione a Unidade..."),"",IFERROR(INDEX(HISTORICO_RELEVANTE!I$2:I$500,MATCH(8,HISTORICO_RELEVANTE!$K$2:$K$500,0)),""))
A44: =IF(OR($B$4="",$B$4="Selecione a Unidade..."),"",IFERROR(INDEX(HISTORICO_RELEVANTE!A$2:A$500,MATCH(9,HISTORICO_RELEVANTE!$K$2:$K$500,0)),"")) | B44: =IF(OR($B$4="",$B$4="Selecione a Unidade..."),"",IFERROR(INDEX(HISTORICO_RELEVANTE!B$2:B$500,MATCH(9,HISTORICO_RELEVANTE!$K$2:$K$500,0)),"")) | C44: =IF(OR($B$4="",$B$4="Selecione a Unidade..."),"",IFERROR(INDEX(HISTORICO_RELEVANTE!C$2:C$500,MATCH(9,HISTORICO_RELEVANTE!$K$2:$K$500,0)),"")) | D44: =IF(OR($B$4="",$B$4="Selecione a Unidade..."),"",IFERROR(INDEX(HISTORICO_RELEVANTE!D$2:D$500,MATCH(9,HISTORICO_RELEVANTE!$K$2:$K$500,0)),"")) | E44: =IF(OR($B$4="",$B$4="Selecione a Unidade..."),"",IFERROR(INDEX(HISTORICO_RELEVANTE!E$2:E$500,MATCH(9,HISTORICO_RELEVANTE!$K$2:$K$500,0)),"")) | F44: =IF(OR($B$4="",$B$4="Selecione a Unidade..."),"",IFERROR(INDEX(HISTORICO_RELEVANTE!F$2:F$500,MATCH(9,HISTORICO_RELEVANTE!$K$2:$K$500,0)),"")) | G44: =IF(OR($B$4="",$B$4="Selecione a Unidade..."),"",IFERROR(INDEX(HISTORICO_RELEVANTE!G$2:G$500,MATCH(9,HISTORICO_RELEVANTE!$K$2:$K$500,0)),"")) | H44: =IF(OR($B$4="",$B$4="Selecione a Unidade..."),"",IFERROR(INDEX(HISTORICO_RELEVANTE!H$2:H$500,MATCH(9,HISTORICO_RELEVANTE!$K$2:$K$500,0)),"")) | I44: =IF(OR($B$4="",$B$4="Selecione a Unidade..."),"",IFERROR(INDEX(HISTORICO_RELEVANTE!I$2:I$500,MATCH(9,HISTORICO_RELEVANTE!$K$2:$K$500,0)),""))
A45: =IF(OR($B$4="",$B$4="Selecione a Unidade..."),"",IFERROR(INDEX(HISTORICO_RELEVANTE!A$2:A$500,MATCH(10,HISTORICO_RELEVANTE!$K$2:$K$500,0)),"")) | B45: =IF(OR($B$4="",$B$4="Selecione a Unidade..."),"",IFERROR(INDEX(HISTORICO_RELEVANTE!B$2:B$500,MATCH(10,HISTORICO_RELEVANTE!$K$2:$K$500,0)),"")) | C45: =IF(OR($B$4="",$B$4="Selecione a Unidade..."),"",IFERROR(INDEX(HISTORICO_RELEVANTE!C$2:C$500,MATCH(10,HISTORICO_RELEVANTE!$K$2:$K$500,0)),"")) | D45: =IF(OR($B$4="",$B$4="Selecione a Unidade..."),"",IFERROR(INDEX(HISTORICO_RELEVANTE!D$2:D$500,MATCH(10,HISTORICO_RELEVANTE!$K$2:$K$500,0)),"")) | E45: =IF(OR($B$4="",$B$4="Selecione a Unidade..."),"",IFERROR(INDEX(HISTORICO_RELEVANTE!E$2:E$500,MATCH(10,HISTORICO_RELEVANTE!$K$2:$K$500,0)),"")) | F45: =IF(OR($B$4="",$B$4="Selecione a Unidade..."),"",IFERROR(INDEX(HISTORICO_RELEVANTE!F$2:F$500,MATCH(10,HISTORICO_RELEVANTE!$K$2:$K$500,0)),"")) | G45: =IF(OR($B$4="",$B$4="Selecione a Unidade..."),"",IFERROR(INDEX(HISTORICO_RELEVANTE!G$2:G$500,MATCH(10,HISTORICO_RELEVANTE!$K$2:$K$500,0)),"")) | H45: =IF(OR($B$4="",$B$4="Selecione a Unidade..."),"",IFERROR(INDEX(HISTORICO_RELEVANTE!H$2:H$500,MATCH(10,HISTORICO_RELEVANTE!$K$2:$K$500,0)),"")) | I45: =IF(OR($B$4="",$B$4="Selecione a Unidade..."),"",IFERROR(INDEX(HISTORICO_RELEVANTE!I$2:I$500,MATCH(10,HISTORICO_RELEVANTE!$K$2:$K$500,0)),""))
A46: =IF(OR($B$4="",$B$4="Selecione a Unidade..."),"",IFERROR(INDEX(HISTORICO_RELEVANTE!A$2:A$500,MATCH(11,HISTORICO_RELEVANTE!$K$2:$K$500,0)),"")) | B46: =IF(OR($B$4="",$B$4="Selecione a Unidade..."),"",IFERROR(INDEX(HISTORICO_RELEVANTE!B$2:B$500,MATCH(11,HISTORICO_RELEVANTE!$K$2:$K$500,0)),"")) | C46: =IF(OR($B$4="",$B$4="Selecione a Unidade..."),"",IFERROR(INDEX(HISTORICO_RELEVANTE!C$2:C$500,MATCH(11,HISTORICO_RELEVANTE!$K$2:$K$500,0)),"")) | D46: =IF(OR($B$4="",$B$4="Selecione a Unidade..."),"",IFERROR(INDEX(HISTORICO_RELEVANTE!D$2:D$500,MATCH(11,HISTORICO_RELEVANTE!$K$2:$K$500,0)),"")) | E46: =IF(OR($B$4="",$B$4="Selecione a Unidade..."),"",IFERROR(INDEX(HISTORICO_RELEVANTE!E$2:E$500,MATCH(11,HISTORICO_RELEVANTE!$K$2:$K$500,0)),"")) | F46: =IF(OR($B$4="",$B$4="Selecione a Unidade..."),"",IFERROR(INDEX(HISTORICO_RELEVANTE!F$2:F$500,MATCH(11,HISTORICO_RELEVANTE!$K$2:$K$500,0)),"")) | G46: =IF(OR($B$4="",$B$4="Selecione a Unidade..."),"",IFERROR(INDEX(HISTORICO_RELEVANTE!G$2:G$500,MATCH(11,HISTORICO_RELEVANTE!$K$2:$K$500,0)),"")) | H46: =IF(OR($B$4="",$B$4="Selecione a Unidade..."),"",IFERROR(INDEX(HISTORICO_RELEVANTE!H$2:H$500,MATCH(11,HISTORICO_RELEVANTE!$K$2:$K$500,0)),"")) | I46: =IF(OR($B$4="",$B$4="Selecione a Unidade..."),"",IFERROR(INDEX(HISTORICO_RELEVANTE!I$2:I$500,MATCH(11,HISTORICO_RELEVANTE!$K$2:$K$500,0)),""))
A47: =IF(OR($B$4="",$B$4="Selecione a Unidade..."),"",IFERROR(INDEX(HISTORICO_RELEVANTE!A$2:A$500,MATCH(12,HISTORICO_RELEVANTE!$K$2:$K$500,0)),"")) | B47: =IF(OR($B$4="",$B$4="Selecione a Unidade..."),"",IFERROR(INDEX(HISTORICO_RELEVANTE!B$2:B$500,MATCH(12,HISTORICO_RELEVANTE!$K$2:$K$500,0)),"")) | C47: =IF(OR($B$4="",$B$4="Selecione a Unidade..."),"",IFERROR(INDEX(HISTORICO_RELEVANTE!C$2:C$500,MATCH(12,HISTORICO_RELEVANTE!$K$2:$K$500,0)),"")) | D47: =IF(OR($B$4="",$B$4="Selecione a Unidade..."),"",IFERROR(INDEX(HISTORICO_RELEVANTE!D$2:D$500,MATCH(12,HISTORICO_RELEVANTE!$K$2:$K$500,0)),"")) | E47: =IF(OR($B$4="",$B$4="Selecione a Unidade..."),"",IFERROR(INDEX(HISTORICO_RELEVANTE!E$2:E$500,MATCH(12,HISTORICO_RELEVANTE!$K$2:$K$500,0)),"")) | F47: =IF(OR($B$4="",$B$4="Selecione a Unidade..."),"",IFERROR(INDEX(HISTORICO_RELEVANTE!F$2:F$500,MATCH(12,HISTORICO_RELEVANTE!$K$2:$K$500,0)),"")) | G47: =IF(OR($B$4="",$B$4="Selecione a Unidade..."),"",IFERROR(INDEX(HISTORICO_RELEVANTE!G$2:G$500,MATCH(12,HISTORICO_RELEVANTE!$K$2:$K$500,0)),"")) | H47: =IF(OR($B$4="",$B$4="Selecione a Unidade..."),"",IFERROR(INDEX(HISTORICO_RELEVANTE!H$2:H$500,MATCH(12,HISTORICO_RELEVANTE!$K$2:$K$500,0)),"")) | I47: =IF(OR($B$4="",$B$4="Selecione a Unidade..."),"",IFERROR(INDEX(HISTORICO_RELEVANTE!I$2:I$500,MATCH(12,HISTORICO_RELEVANTE!$K$2:$K$500,0)),""))
A48: =IF(OR($B$4="",$B$4="Selecione a Unidade..."),"",IFERROR(INDEX(HISTORICO_RELEVANTE!A$2:A$500,MATCH(13,HISTORICO_RELEVANTE!$K$2:$K$500,0)),"")) | B48: =IF(OR($B$4="",$B$4="Selecione a Unidade..."),"",IFERROR(INDEX(HISTORICO_RELEVANTE!B$2:B$500,MATCH(13,HISTORICO_RELEVANTE!$K$2:$K$500,0)),"")) | C48: =IF(OR($B$4="",$B$4="Selecione a Unidade..."),"",IFERROR(INDEX(HISTORICO_RELEVANTE!C$2:C$500,MATCH(13,HISTORICO_RELEVANTE!$K$2:$K$500,0)),"")) | D48: =IF(OR($B$4="",$B$4="Selecione a Unidade..."),"",IFERROR(INDEX(HISTORICO_RELEVANTE!D$2:D$500,MATCH(13,HISTORICO_RELEVANTE!$K$2:$K$500,0)),"")) | E48: =IF(OR($B$4="",$B$4="Selecione a Unidade..."),"",IFERROR(INDEX(HISTORICO_RELEVANTE!E$2:E$500,MATCH(13,HISTORICO_RELEVANTE!$K$2:$K$500,0)),"")) | F48: =IF(OR($B$4="",$B$4="Selecione a Unidade..."),"",IFERROR(INDEX(HISTORICO_RELEVANTE!F$2:F$500,MATCH(13,HISTORICO_RELEVANTE!$K$2:$K$500,0)),"")) | G48: =IF(OR($B$4="",$B$4="Selecione a Unidade..."),"",IFERROR(INDEX(HISTORICO_RELEVANTE!G$2:G$500,MATCH(13,HISTORICO_RELEVANTE!$K$2:$K$500,0)),"")) | H48: =IF(OR($B$4="",$B$4="Selecione a Unidade..."),"",IFERROR(INDEX(HISTORICO_RELEVANTE!H$2:H$500,MATCH(13,HISTORICO_RELEVANTE!$K$2:$K$500,0)),"")) | I48: =IF(OR($B$4="",$B$4="Selecione a Unidade..."),"",IFERROR(INDEX(HISTORICO_RELEVANTE!I$2:I$500,MATCH(13,HISTORICO_RELEVANTE!$K$2:$K$500,0)),""))
A49: =IF(OR($B$4="",$B$4="Selecione a Unidade..."),"",IFERROR(INDEX(HISTORICO_RELEVANTE!A$2:A$500,MATCH(14,HISTORICO_RELEVANTE!$K$2:$K$500,0)),"")) | B49: =IF(OR($B$4="",$B$4="Selecione a Unidade..."),"",IFERROR(INDEX(HISTORICO_RELEVANTE!B$2:B$500,MATCH(14,HISTORICO_RELEVANTE!$K$2:$K$500,0)),"")) | C49: =IF(OR($B$4="",$B$4="Selecione a Unidade..."),"",IFERROR(INDEX(HISTORICO_RELEVANTE!C$2:C$500,MATCH(14,HISTORICO_RELEVANTE!$K$2:$K$500,0)),"")) | D49: =IF(OR($B$4="",$B$4="Selecione a Unidade..."),"",IFERROR(INDEX(HISTORICO_RELEVANTE!D$2:D$500,MATCH(14,HISTORICO_RELEVANTE!$K$2:$K$500,0)),"")) | E49: =IF(OR($B$4="",$B$4="Selecione a Unidade..."),"",IFERROR(INDEX(HISTORICO_RELEVANTE!E$2:E$500,MATCH(14,HISTORICO_RELEVANTE!$K$2:$K$500,0)),"")) | F49: =IF(OR($B$4="",$B$4="Selecione a Unidade..."),"",IFERROR(INDEX(HISTORICO_RELEVANTE!F$2:F$500,MATCH(14,HISTORICO_RELEVANTE!$K$2:$K$500,0)),"")) | G49: =IF(OR($B$4="",$B$4="Selecione a Unidade..."),"",IFERROR(INDEX(HISTORICO_RELEVANTE!G$2:G$500,MATCH(14,HISTORICO_RELEVANTE!$K$2:$K$500,0)),"")) | H49: =IF(OR($B$4="",$B$4="Selecione a Unidade..."),"",IFERROR(INDEX(HISTORICO_RELEVANTE!H$2:H$500,MATCH(14,HISTORICO_RELEVANTE!$K$2:$K$500,0)),"")) | I49: =IF(OR($B$4="",$B$4="Selecione a Unidade..."),"",IFERROR(INDEX(HISTORICO_RELEVANTE!I$2:I$500,MATCH(14,HISTORICO_RELEVANTE!$K$2:$K$500,0)),""))
A50: =IF(OR($B$4="",$B$4="Selecione a Unidade..."),"",IFERROR(INDEX(HISTORICO_RELEVANTE!A$2:A$500,MATCH(15,HISTORICO_RELEVANTE!$K$2:$K$500,0)),"")) | B50: =IF(OR($B$4="",$B$4="Selecione a Unidade..."),"",IFERROR(INDEX(HISTORICO_RELEVANTE!B$2:B$500,MATCH(15,HISTORICO_RELEVANTE!$K$2:$K$500,0)),"")) | C50: =IF(OR($B$4="",$B$4="Selecione a Unidade..."),"",IFERROR(INDEX(HISTORICO_RELEVANTE!C$2:C$500,MATCH(15,HISTORICO_RELEVANTE!$K$2:$K$500,0)),"")) | D50: =IF(OR($B$4="",$B$4="Selecione a Unidade..."),"",IFERROR(INDEX(HISTORICO_RELEVANTE!D$2:D$500,MATCH(15,HISTORICO_RELEVANTE!$K$2:$K$500,0)),"")) | E50: =IF(OR($B$4="",$B$4="Selecione a Unidade..."),"",IFERROR(INDEX(HISTORICO_RELEVANTE!E$2:E$500,MATCH(15,HISTORICO_RELEVANTE!$K$2:$K$500,0)),"")) | F50: =IF(OR($B$4="",$B$4="Selecione a Unidade..."),"",IFERROR(INDEX(HISTORICO_RELEVANTE!F$2:F$500,MATCH(15,HISTORICO_RELEVANTE!$K$2:$K$500,0)),"")) | G50: =IF(OR($B$4="",$B$4="Selecione a Unidade..."),"",IFERROR(INDEX(HISTORICO_RELEVANTE!G$2:G$500,MATCH(15,HISTORICO_RELEVANTE!$K$2:$K$500,0)),"")) | H50: =IF(OR($B$4="",$B$4="Selecione a Unidade..."),"",IFERROR(INDEX(HISTORICO_RELEVANTE!H$2:H$500,MATCH(15,HISTORICO_RELEVANTE!$K$2:$K$500,0)),"")) | I50: =IF(OR($B$4="",$B$4="Selecione a Unidade..."),"",IFERROR(INDEX(HISTORICO_RELEVANTE!I$2:I$500,MATCH(15,HISTORICO_RELEVANTE!$K$2:$K$500,0)),""))

Sheet CHAMADOS_GOP
A1: ID RESPOSTA FORMS | B1: ID CHAMADO | C1: DESIGNAÇÃO | D1: UNIDADE ESCOLAR | E1: LOCAL DA DEMANDA | F1: TIPO DE DEMANDA | G1: TIPO DE APARELHO | H1: BTU EXISTENTE | I1: BTU PRETENDIDO | J1: 1º OU 2º APARELHO DO LOCAL | K1: QTD SPLIT SOLICITADO | L1: QTD JANELA SOLICITADO | M1: SALAS SEM CLIMATIZAÇÃO INFORMADAS | N1: RESULTADO/APTIDÃO | O1: STATUS ATUAL | P1: SETOR RESPONSÁVEL ATUAL | Q1: PRÓXIMA PROVIDÊNCIA | R1: DATA ÚLTIMA ATUALIZAÇÃO | S1: DIAS SEM ATUALIZAÇÃO | T1: INFORMAÇÃO VALIDADA? | U1: PRIORIDADE | V1: OBSERVAÇÕES | W1: DATA DE ABERTURA | X1: DIAS EM ABERTO | Y1: ALERTA SLA | Z1: ALERTA ANTIGUIDADE | AB1: ord_val | AC1: ord_ctin | AD1: ord_cto | AE1: ord_cons | AF1: score_antig | AG1: rank_antig
B2: GOP-AR-2026-0001 | C2: =IF(D2="","",IFERROR(INDEX(CADASTRO_VIVO_3CRE!$B$2:$B$150,MATCH(D2,CADASTRO_VIVO_3CRE!$E$2:$E$150,0)),"")) -> 313025 | D2: Escola Municipal Professor Visitação | E2: 6, 8, 9, SR | F2: Substituição/Instalação de Aparelho | G2: Split e janela | K2: 3 | L2: 1 | M2: 0 | N2: Não apta | O2: 12 - Orçamento aprovado | P2: GIN / Unidade Escolar | Q2: Confirmar recurso, data de início e previsão de conclusão das adequações. | R2: 46169 | S2: =IF(R2="","",TODAY()-INT(R2)) -> 2 | T2: Pendente de Vistoria | U2: Média | V2: Status original: CTIN aprovou os orçamentos | Observação original: Aguardando data de início das adequações elétricas | Registro GOP: Previsão de conclusão elétrica 16/06 | W2: 46105 | X2: =IF(W2="","",IF(OR(O2="28 - Encerrado",O2="27 - Instalação concluída"),"Concluído",TODAY()-INT(W2))) -> 66 | Y2: =IF(OR(O2="28 - Encerrado",O2="27 - Instalação concluída"),"OK",IF(AND(B2<>"",S2=""),"ATENÇÃO (Sem data de atualização)",IF(S2="","",IF(S2>30,"CRÍTICO (Sem Atualização >30 dias)",IF(S2>15,"ATENÇÃO (Sem Atualização >15 dias)",IF(X2>90,"CRÍTICO (Aberto >90 dias)","OK")))))) -> OK | Z2: =IF(B2="","",IF(OR(O2="27 - Instalação concluída",O2="28 - Encerrado"),"OK",IF(NOT(ISNUMBER(X2)),"",IF(X2>365,"MUITO ANTIGO (>1 ano)",IF(X2>180,"ANTIGO (>6 meses)",IF(X2>90,"ATENÇÃO ANTIG. (>3 meses)","OK")))))) -> OK | AB2: =IF(AND(B2<>"",OR(T2="Pendente de Vistoria",T2="Não validada")),MAX($AB$1:$AB$1)+1,"") -> 1 | AC2: =IF(AND(B2<>"",OR(ISNUMBER(SEARCH("CTIN",P2)),U2="Alta",O2="07 - Relatório recebido — unidade apta",O2="11 - Orçamentos em análise técnica",O2="22 - Instalação/substituição autorizada")),MAX($AC$1:$AC$1)+1,"") | AD2: =IF(AND(B2<>"",OR(ISNUMBER(SEARCH("CTO",P2)),LEFT(O2,2)="22",LEFT(O2,2)="23",LEFT(O2,2)="24",LEFT(O2,2)="25",LEFT(O2,2)="26",LEFT(O2,2)="27")),MAX($AD$1:$AD$1)+1,"") | AE2: =IF(AND(B2<>"",D2=CONSULTA_UNIDADE!$B$4),MAX($AE$1:$AE$1)+1,"") | AF2: =IF(AND(B2<>"",O2<>"27 - Instalação concluída",O2<>"28 - Encerrado",ISNUMBER(S2)),S2*1000+(1000-ROW()),"") -> 2998 | AG2: =IF(AF2="","",RANK(AF2,$AF$2:$AF$500)) -> 14
B3: GOP-AR-2026-0002 | C3: =IF(D3="","",IFERROR(INDEX(CADASTRO_VIVO_3CRE!$B$2:$B$150,MATCH(D3,CADASTRO_VIVO_3CRE!$E$2:$E$150,0)),"")) -> 313020 | D3: Escola Municipal Bento Ribeiro | E3: A confirmar pela unidade | F3: Substituição/Instalação de Aparelho | M3: 0 | N3: Não apta | O3: 09 - Aguardando orçamentos da unidade | P3: Unidade Escolar / GIN | Q3: Cobrar/receber orçamentos e conferir se contemplam o escopo técnico. | R3: 46164 | S3: =IF(R3="","",TODAY()-INT(R3)) -> 7 | T3: Pendente de Vistoria | U3: Média | V3: Status original: Aguardando novos orçamentos para adequação | Observação original: E/CTIN sinalizou que os orçamentos enviados não atendem - 14/04/2026 | Registro GOP: Visita da CTIN não identificou demanda por aprelhos / Diretor solicita aparel... | W3: 46000 | X3: =IF(W3="","",IF(OR(O3="28 - Encerrado",O3="27 - Instalação concluída"),"Concluído",TODAY()-INT(W3))) -> 171 | Y3: =IF(OR(O3="28 - Encerrado",O3="27 - Instalação concluída"),"OK",IF(AND(B3<>"",S3=""),"ATENÇÃO (Sem data de atualização)",IF(S3="","",IF(S3>30,"CRÍTICO (Sem Atualização >30 dias)",IF(S3>15,"ATENÇÃO (Sem Atualização >15 dias)",IF(X3>90,"CRÍTICO (Aberto >90 dias)","OK")))))) -> CRÍTICO (Aberto >90 dias) | Z3: =IF(B3="","",IF(OR(O3="27 - Instalação concluída",O3="28 - Encerrado"),"OK",IF(NOT(ISNUMBER(X3)),"",IF(X3>365,"MUITO ANTIGO (>1 ano)",IF(X3>180,"ANTIGO (>6 meses)",IF(X3>90,"ATENÇÃO ANTIG. (>3 meses)","OK")))))) -> ATENÇÃO ANTIG. (>3 meses) | AB3: =IF(AND(B3<>"",OR(T3="Pendente de Vistoria",T3="Não validada")),MAX($AB$1:$AB$2)+1,"") -> 2 | AC3: =IF(AND(B3<>"",OR(ISNUMBER(SEARCH("CTIN",P3)),U3="Alta",O3="07 - Relatório recebido — unidade apta",O3="11 - Orçamentos em análise técnica",O3="22 - Instalação/substituição autorizada")),MAX($AC$1:$AC$2)+1,"") | AD3: =IF(AND(B3<>"",OR(ISNUMBER(SEARCH("CTO",P3)),LEFT(O3,2)="22",LEFT(O3,2)="23",LEFT(O3,2)="24",LEFT(O3,2)="25",LEFT(O3,2)="26",LEFT(O3,2)="27")),MAX($AD$1:$AD$2)+1,"") | AE3: =IF(AND(B3<>"",D3=CONSULTA_UNIDADE!$B$4),MAX($AE$1:$AE$2)+1,"") | AF3: =IF(AND(B3<>"",O3<>"27 - Instalação concluída",O3<>"28 - Encerrado",ISNUMBER(S3)),S3*1000+(1000-ROW()),"") -> 7997 | AG3: =IF(AF3="","",RANK(AF3,$AF$2:$AF$500)) -> 1
B4: GOP-AR-2026-0003 | C4: =IF(D4="","",IFERROR(INDEX(CADASTRO_VIVO_3CRE!$B$2:$B$150,MATCH(D4,CADASTRO_VIVO_3CRE!$E$2:$E$150,0)),"")) -> 312805 | D4: Espaço de Desenvolvimento Infantil Tânia Cristina Moreira | E4: Salas: 1, 2, 3, 4, 5, 6, 7 e 8 | F4: Substituição/Instalação de Aparelho | G4: Janela | L4: 8 | N4: Apta | O4: 27 - Instalação concluída | P4: GOP | Q4: Confirmar encerramento e atualizar cadastro vivo da unidade. | R4: 46169 | S4: =IF(R4="","",TODAY()-INT(R4)) -> 2 | T4: Sim | U4: Média | V4: Status original: Serviços elétricos finalizados | Observação original: E/CTIN disse que agendaria vistoria - 20/04/2026 | Registro GOP: Instalados | W4: 45887 | X4: =IF(W4="","",IF(OR(O4="28 - Encerrado",O4="27 - Instalação concluída"),"Concluído",TODAY()-INT(W4))) -> Concluído | Y4: =IF(OR(O4="28 - Encerrado",O4="27 - Instalação concluída"),"OK",IF(AND(B4<>"",S4=""),"ATENÇÃO (Sem data de atualização)",IF(S4="","",IF(S4>30,"CRÍTICO (Sem Atualização >30 dias)",IF(S4>15,"ATENÇÃO (Sem Atualização >15 dias)",IF(X4>90,"CRÍTICO (Aberto >90 dias)","OK")))))) -> OK | Z4: =IF(B4="","",IF(OR(O4="27 - Instalação concluída",O4="28 - Encerrado"),"OK",IF(NOT(ISNUMBER(X4)),"",IF(X4>365,"MUITO ANTIGO (>1 ano)",IF(X4>180,"ANTIGO (>6 meses)",IF(X4>90,"ATENÇÃO ANTIG. (>3 meses)","OK")))))) -> OK | AB4: =IF(AND(B4<>"",OR(T4="Pendente de Vistoria",T4="Não validada")),MAX($AB$1:$AB$3)+1,"") | AC4: =IF(AND(B4<>"",OR(ISNUMBER(SEARCH("CTIN",P4)),U4="Alta",O4="07 - Relatório recebido — unidade apta",O4="11 - Orçamentos em análise técnica",O4="22 - Instalação/substituição autorizada")),MAX($AC$1:$AC$3)+1,"") | AD4: =IF(AND(B4<>"",OR(ISNUMBER(SEARCH("CTO",P4)),LEFT(O4,2)="22",LEFT(O4,2)="23",LEFT(O4,2)="24",LEFT(O4,2)="25",LEFT(O4,2)="26",LEFT(O4,2)="27")),MAX($AD$1:$AD$3)+1,"") -> 1 | AE4: =IF(AND(B4<>"",D4=CONSULTA_UNIDADE!$B$4),MAX($AE$1:$AE$3)+1,"") | AF4: =IF(AND(B4<>"",O4<>"27 - Instalação concluída",O4<>"28 - Encerrado",ISNUMBER(S4)),S4*1000+(1000-ROW()),"") | AG4: =IF(AF4="","",RANK(AF4,$AF$2:$AF$500))
B5: GOP-AR-2026-0004 | C5: =IF(D5="","",IFERROR(INDEX(CADASTRO_VIVO_3CRE!$B$2:$B$150,MATCH(D5,CADASTRO_VIVO_3CRE!$E$2:$E$150,0)),"")) -> 312502 | D5: CIEP Procópio Ferreira | E5: Salas 5, 12, 17 e 20 1 e 18 | F5: Substituição/Instalação de Aparelho | M5: 4 | N5: Não apta | O5: 17 - Serviço iniciado | P5: GIN / Unidade Escolar | Q5: Acompanhar execução e registrar data de conclusão. | R5: 46167 | S5: =IF(R5="","",TODAY()-INT(R5)) -> 4 | T5: Pendente de Vistoria | U5: Média | V5: Status original: CTIN aprovou os orçamentos | Observação original: Aguardando data de início das adequações elétricas | Registro GOP: Sala de aula sem climatização. Obra iniciada em 13/05 previsão de término 30/05 | W5: 46105 | X5: =IF(W5="","",IF(OR(O5="28 - Encerrado",O5="27 - Instalação concluída"),"Concluído",TODAY()-INT(W5))) -> 66 | Y5: =IF(OR(O5="28 - Encerrado",O5="27 - Instalação concluída"),"OK",IF(AND(B5<>"",S5=""),"ATENÇÃO (Sem data de atualização)",IF(S5="","",IF(S5>30,"CRÍTICO (Sem Atualização >30 dias)",IF(S5>15,"ATENÇÃO (Sem Atualização >15 dias)",IF(X5>90,"CRÍTICO (Aberto >90 dias)","OK")))))) -> OK | Z5: =IF(B5="","",IF(OR(O5="27 - Instalação concluída",O5="28 - Encerrado"),"OK",IF(NOT(ISNUMBER(X5)),"",IF(X5>365,"MUITO ANTIGO (>1 ano)",IF(X5>180,"ANTIGO (>6 meses)",IF(X5>90,"ATENÇÃO ANTIG. (>3 meses)","OK")))))) -> OK | AB5: =IF(AND(B5<>"",OR(T5="Pendente de Vistoria",T5="Não validada")),MAX($AB$1:$AB$4)+1,"") -> 3 | AC5: =IF(AND(B5<>"",OR(ISNUMBER(SEARCH("CTIN",P5)),U5="Alta",O5="07 - Relatório recebido — unidade apta",O5="11 - Orçamentos em análise técnica",O5="22 - Instalação/substituição autorizada")),MAX($AC$1:$AC$4)+1,"") | AD5: =IF(AND(B5<>"",OR(ISNUMBER(SEARCH("CTO",P5)),LEFT(O5,2)="22",LEFT(O5,2)="23",LEFT(O5,2)="24",LEFT(O5,2)="25",LEFT(O5,2)="26",LEFT(O5,2)="27")),MAX($AD$1:$AD$4)+1,"") | AE5: =IF(AND(B5<>"",D5=CONSULTA_UNIDADE!$B$4),MAX($AE$1:$AE$4)+1,"") | AF5: =IF(AND(B5<>"",O5<>"27 - Instalação concluída",O5<>"28 - Encerrado",ISNUMBER(S5)),S5*1000+(1000-ROW()),"") -> 4995 | AG5: =IF(AF5="","",RANK(AF5,$AF$2:$AF$500)) -> 8
B6: GOP-AR-2026-0005 | C6: =IF(D6="","",IFERROR(INDEX(CADASTRO_VIVO_3CRE!$B$2:$B$150,MATCH(D6,CADASTRO_VIVO_3CRE!$E$2:$E$150,0)),"")) -> 328601 | D6: Creche Municipal Geralda de Jesus Aleixo | E6: Berçário | F6: Substituição/Instalação de Aparelho | G6: Split | K6: 1 | M6: 0 | N6: Apta parcialmente | O6: 27 - Instalação concluída | P6: GOP | Q6: Confirmar encerramento e atualizar cadastro vivo da unidade. | R6: 46164 | S6: =IF(R6="","",TODAY()-INT(R6)) -> 7 | T6: Pendente de Vistoria | U6: Média | V6: Status original: Orçamentos aprovados pela E/CTIN em 17/04/2026 | Observação original: Aguardando previsão de término das adequações elétricas | Registro GOP: Instalado aparelho berçário. Não apta para o 2º aparelho | W6: 46105 | X6: =IF(W6="","",IF(OR(O6="28 - Encerrado",O6="27 - Instalação concluída"),"Concluído",TODAY()-INT(W6))) -> Concluído | Y6: =IF(OR(O6="28 - Encerrado",O6="27 - Instalação concluída"),"OK",IF(AND(B6<>"",S6=""),"ATENÇÃO (Sem data de atualização)",IF(S6="","",IF(S6>30,"CRÍTICO (Sem Atualização >30 dias)",IF(S6>15,"ATENÇÃO (Sem Atualização >15 dias)",IF(X6>90,"CRÍTICO (Aberto >90 dias)","OK")))))) -> OK | Z6: =IF(B6="","",IF(OR(O6="27 - Instalação concluída",O6="28 - Encerrado"),"OK",IF(NOT(ISNUMBER(X6)),"",IF(X6>365,"MUITO ANTIGO (>1 ano)",IF(X6>180,"ANTIGO (>6 meses)",IF(X6>90,"ATENÇÃO ANTIG. (>3 meses)","OK")))))) -> OK | AB6: =IF(AND(B6<>"",OR(T6="Pendente de Vistoria",T6="Não validada")),MAX($AB$1:$AB$5)+1,"") -> 4 | AC6: =IF(AND(B6<>"",OR(ISNUMBER(SEARCH("CTIN",P6)),U6="Alta",O6="07 - Relatório recebido — unidade apta",O6="11 - Orçamentos em análise técnica",O6="22 - Instalação/substituição autorizada")),MAX($AC$1:$AC$5)+1,"") | AD6: =IF(AND(B6<>"",OR(ISNUMBER(SEARCH("CTO",P6)),LEFT(O6,2)="22",LEFT(O6,2)="23",LEFT(O6,2)="24",LEFT(O6,2)="25",LEFT(O6,2)="26",LEFT(O6,2)="27")),MAX($AD$1:$AD$5)+1,"") -> 2 | AE6: =IF(AND(B6<>"",D6=CONSULTA_UNIDADE!$B$4),MAX($AE$1:$AE$5)+1,"") | AF6: =IF(AND(B6<>"",O6<>"27 - Instalação concluída",O6<>"28 - Encerrado",ISNUMBER(S6)),S6*1000+(1000-ROW()),"") | AG6: =IF(AF6="","",RANK(AF6,$AF$2:$AF$500))
B7: GOP-AR-2026-0006 | C7: =IF(D7="","",IFERROR(INDEX(CADASTRO_VIVO_3CRE!$B$2:$B$150,MATCH(D7,CADASTRO_VIVO_3CRE!$E$2:$E$150,0)),"")) -> 328801 | D7: Espaço de Desenvolvimento Infantil Padre Nelson Carlos Del Mônaco | E7: salas 7 e 8 | F7: Substituição/Instalação de Aparelho | M7: 0 | N7: Não apta | O7: 12 - Orçamento aprovado | P7: GIN / Unidade Escolar | Q7: Confirmar recurso, data de início e previsão de conclusão das adequações. | R7: 46164 | S7: =IF(R7="","",TODAY()-INT(R7)) -> 7 | T7: Pendente de Vistoria | U7: Média | V7: Status original: Orçamentos aprovados pela E/CTIN em 17/04/2026 | Observação original: Aguardando previsão de término das adequações elétricas | Registro GOP: Falta enviar 02 orçamento de elétrica | W7: 46105 | X7: =IF(W7="","",IF(OR(O7="28 - Encerrado",O7="27 - Instalação concluída"),"Concluído",TODAY()-INT(W7))) -> 66 | Y7: =IF(OR(O7="28 - Encerrado",O7="27 - Instalação concluída"),"OK",IF(AND(B7<>"",S7=""),"ATENÇÃO (Sem data de atualização)",IF(S7="","",IF(S7>30,"CRÍTICO (Sem Atualização >30 dias)",IF(S7>15,"ATENÇÃO (Sem Atualização >15 dias)",IF(X7>90,"CRÍTICO (Aberto >90 dias)","OK")))))) -> OK | Z7: =IF(B7="","",IF(OR(O7="27 - Instalação concluída",O7="28 - Encerrado"),"OK",IF(NOT(ISNUMBER(X7)),"",IF(X7>365,"MUITO ANTIGO (>1 ano)",IF(X7>180,"ANTIGO (>6 meses)",IF(X7>90,"ATENÇÃO ANTIG. (>3 meses)","OK")))))) -> OK | AB7: =IF(AND(B7<>"",OR(T7="Pendente de Vistoria",T7="Não validada")),MAX($AB$1:$AB$6)+1,"") -> 5 | AC7: =IF(AND(B7<>"",OR(ISNUMBER(SEARCH("CTIN",P7)),U7="Alta",O7="07 - Relatório recebido — unidade apta",O7="11 - Orçamentos em análise técnica",O7="22 - Instalação/substituição autorizada")),MAX($AC$1:$AC$6)+1,"") | AD7: =IF(AND(B7<>"",OR(ISNUMBER(SEARCH("CTO",P7)),LEFT(O7,2)="22",LEFT(O7,2)="23",LEFT(O7,2)="24",LEFT(O7,2)="25",LEFT(O7,2)="26",LEFT(O7,2)="27")),MAX($AD$1:$AD$6)+1,"") | AE7: =IF(AND(B7<>"",D7=CONSULTA_UNIDADE!$B$4),MAX($AE$1:$AE$6)+1,"") | AF7: =IF(AND(B7<>"",O7<>"27 - Instalação concluída",O7<>"28 - Encerrado",ISNUMBER(S7)),S7*1000+(1000-ROW()),"") -> 7993 | AG7: =IF(AF7="","",RANK(AF7,$AF$2:$AF$500)) -> 2
B8: GOP-AR-2026-0007 | C8: =IF(D8="","",IFERROR(INDEX(CADASTRO_VIVO_3CRE!$B$2:$B$150,MATCH(D8,CADASTRO_VIVO_3CRE!$E$2:$E$150,0)),"")) -> 313806 | D8: Espaço de Desenvolvimento Infantil Educandário de Santa Cruz | E8: A confirmar pela unidade | F8: Substituição/Instalação de Aparelho | M8: _ | N8: Não apta | O8: 17 - Serviço iniciado | P8: GIN / Unidade Escolar | Q8: Acompanhar execução e registrar data de conclusão. | R8: 46164 | S8: =IF(R8="","",TODAY()-INT(R8)) -> 7 | T8: Pendente de Vistoria | U8: Média | V8: Status original: Orçamentos aprovados pela E/CTIN em 17/04/2026 | Observação original: Aguardando previsão de término das adequações elétricas | Registro GOP: Não tem demanda por aprelho, apenas adequações eléticas. Obra iniciada em 05... | W8: 46080 | X8: =IF(W8="","",IF(OR(O8="28 - Encerrado",O8="27 - Instalação concluída"),"Concluído",TODAY()-INT(W8))) -> 91 | Y8: =IF(OR(O8="28 - Encerrado",O8="27 - Instalação concluída"),"OK",IF(AND(B8<>"",S8=""),"ATENÇÃO (Sem data de atualização)",IF(S8="","",IF(S8>30,"CRÍTICO (Sem Atualização >30 dias)",IF(S8>15,"ATENÇÃO (Sem Atualização >15 dias)",IF(X8>90,"CRÍTICO (Aberto >90 dias)","OK")))))) -> CRÍTICO (Aberto >90 dias) | Z8: =IF(B8="","",IF(OR(O8="27 - Instalação concluída",O8="28 - Encerrado"),"OK",IF(NOT(ISNUMBER(X8)),"",IF(X8>365,"MUITO ANTIGO (>1 ano)",IF(X8>180,"ANTIGO (>6 meses)",IF(X8>90,"ATENÇÃO ANTIG. (>3 meses)","OK")))))) -> ATENÇÃO ANTIG. (>3 meses) | AB8: =IF(AND(B8<>"",OR(T8="Pendente de Vistoria",T8="Não validada")),MAX($AB$1:$AB$7)+1,"") -> 6 | AC8: =IF(AND(B8<>"",OR(ISNUMBER(SEARCH("CTIN",P8)),U8="Alta",O8="07 - Relatório recebido — unidade apta",O8="11 - Orçamentos em análise técnica",O8="22 - Instalação/substituição autorizada")),MAX($AC$1:$AC$7)+1,"") | AD8: =IF(AND(B8<>"",OR(ISNUMBER(SEARCH("CTO",P8)),LEFT(O8,2)="22",LEFT(O8,2)="23",LEFT(O8,2)="24",LEFT(O8,2)="25",LEFT(O8,2)="26",LEFT(O8,2)="27")),MAX($AD$1:$AD$7)+1,"") | AE8: =IF(AND(B8<>"",D8=CONSULTA_UNIDADE!$B$4),MAX($AE$1:$AE$7)+1,"") | AF8: =IF(AND(B8<>"",O8<>"27 - Instalação concluída",O8<>"28 - Encerrado",ISNUMBER(S8)),S8*1000+(1000-ROW()),"") -> 7992 | AG8: =IF(AF8="","",RANK(AF8,$AF$2:$AF$500)) -> 3
B9: GOP-AR-2026-0008 | C9: =IF(D9="","",IFERROR(INDEX(CADASTRO_VIVO_3CRE!$B$2:$B$150,MATCH(D9,CADASTRO_VIVO_3CRE!$E$2:$E$150,0)),"")) -> 312014 | D9: Escola Municipal Nereu Sampaio | E9: A confirmar pela unidade | F9: Substituição/Instalação de Aparelho | G9: Split | K9: 12 | M9: 3 | N9: Apta parcialmente | O9: 17 - Serviço iniciado | P9: GIN / Unidade Escolar | Q9: Acompanhar execução e registrar data de conclusão. | R9: 46168 | S9: =IF(R9="","",TODAY()-INT(R9)) -> 3 | T9: Pendente de Vistoria | U9: Média | V9: Status original: GIN informou que adequações elétricas foram iniciadas em 07/04/2026 | Observação original: Aguardando término das adequações elétricas - previsão 28/04/2026 | Registro GOP: Solicitar nova vistoria para inclusão de aparelhos nas salas sem climatização | W9: 46057 | X9: =IF(W9="","",IF(OR(O9="28 - Encerrado",O9="27 - Instalação concluída"),"Concluído",TODAY()-INT(W9))) -> 114 | Y9: =IF(OR(O9="28 - Encerrado",O9="27 - Instalação concluída"),"OK",IF(AND(B9<>"",S9=""),"ATENÇÃO (Sem data de atualização)",IF(S9="","",IF(S9>30,"CRÍTICO (Sem Atualização >30 dias)",IF(S9>15,"ATENÇÃO (Sem Atualização >15 dias)",IF(X9>90,"CRÍTICO (Aberto >90 dias)","OK")))))) -> CRÍTICO (Aberto >90 dias) | Z9: =IF(B9="","",IF(OR(O9="27 - Instalação concluída",O9="28 - Encerrado"),"OK",IF(NOT(ISNUMBER(X9)),"",IF(X9>365,"MUITO ANTIGO (>1 ano)",IF(X9>180,"ANTIGO (>6 meses)",IF(X9>90,"ATENÇÃO ANTIG. (>3 meses)","OK")))))) -> ATENÇÃO ANTIG. (>3 meses) | AB9: =IF(AND(B9<>"",OR(T9="Pendente de Vistoria",T9="Não validada")),MAX($AB$1:$AB$8)+1,"") -> 7 | AC9: =IF(AND(B9<>"",OR(ISNUMBER(SEARCH("CTIN",P9)),U9="Alta",O9="07 - Relatório recebido — unidade apta",O9="11 - Orçamentos em análise técnica",O9="22 - Instalação/substituição autorizada")),MAX($AC$1:$AC$8)+1,"") | AD9: =IF(AND(B9<>"",OR(ISNUMBER(SEARCH("CTO",P9)),LEFT(O9,2)="22",LEFT(O9,2)="23",LEFT(O9,2)="24",LEFT(O9,2)="25",LEFT(O9,2)="26",LEFT(O9,2)="27")),MAX($AD$1:$AD$8)+1,"") | AE9: =IF(AND(B9<>"",D9=CONSULTA_UNIDADE!$B$4),MAX($AE$1:$AE$8)+1,"") | AF9: =IF(AND(B9<>"",O9<>"27 - Instalação concluída",O9<>"28 - Encerrado",ISNUMBER(S9)),S9*1000+(1000-ROW()),"") -> 3991 | AG9: =IF(AF9="","",RANK(AF9,$AF$2:$AF$500)) -> 9
B10: GOP-AR-2026-0009 | C10: =IF(D10="","",IFERROR(INDEX(CADASTRO_VIVO_3CRE!$B$2:$B$150,MATCH(D10,CADASTRO_VIVO_3CRE!$E$2:$E$150,0)),"")) -> 313002 | D10: Escola Municipal José Veríssimo | E10: Salas 01 a 05,08, 09,10,17, 21 e 24 | F10: Substituição/Instalação de Aparelho | M10: 2 | N10: Não apta | O10: 09 - Aguardando orçamentos da unidade | P10: Unidade Escolar / GIN | Q10: Cobrar/receber orçamentos e conferir se contemplam o escopo técnico. | R10: 46164 | S10: =IF(R10="","",TODAY()-INT(R10)) -> 7 | T10: Pendente de Vistoria | U10: Média | V10: Status original: Aguardando orçamentos para adequação | Observação original: Última cobrança da E/CTO - 20/04/2026 | Registro GOP: Aguardando data do início da obra | W10: 46073 | X10: =IF(W10="","",IF(OR(O10="28 - Encerrado",O10="27 - Instalação concluída"),"Concluído",TODAY()-INT(W10))) -> 98 | Y10: =IF(OR(O10="28 - Encerrado",O10="27 - Instalação concluída"),"OK",IF(AND(B10<>"",S10=""),"ATENÇÃO (Sem data de atualização)",IF(S10="","",IF(S10>30,"CRÍTICO (Sem Atualização >30 dias)",IF(S10>15,"ATENÇÃO (Sem Atualização >15 dias)",IF(X10>90,"CRÍTICO (Aberto >90 dias)","OK")))))) -> CRÍTICO (Aberto >90 dias) | Z10: =IF(B10="","",IF(OR(O10="27 - Instalação concluída",O10="28 - Encerrado"),"OK",IF(NOT(ISNUMBER(X10)),"",IF(X10>365,"MUITO ANTIGO (>1 ano)",IF(X10>180,"ANTIGO (>6 meses)",IF(X10>90,"ATENÇÃO ANTIG. (>3 meses)","OK")))))) -> ATENÇÃO ANTIG. (>3 meses) | AB10: =IF(AND(B10<>"",OR(T10="Pendente de Vistoria",T10="Não validada")),MAX($AB$1:$AB$9)+1,"") -> 8 | AC10: =IF(AND(B10<>"",OR(ISNUMBER(SEARCH("CTIN",P10)),U10="Alta",O10="07 - Relatório recebido — unidade apta",O10="11 - Orçamentos em análise técnica",O10="22 - Instalação/substituição autorizada")),MAX($AC$1:$AC$9)+1,"") | AD10: =IF(AND(B10<>"",OR(ISNUMBER(SEARCH("CTO",P10)),LEFT(O10,2)="22",LEFT(O10,2)="23",LEFT(O10,2)="24",LEFT(O10,2)="25",LEFT(O10,2)="26",LEFT(O10,2)="27")),MAX($AD$1:$AD$9)+1,"") | AE10: =IF(AND(B10<>"",D10=CONSULTA_UNIDADE!$B$4),MAX($AE$1:$AE$9)+1,"") | AF10: =IF(AND(B10<>"",O10<>"27 - Instalação concluída",O10<>"28 - Encerrado",ISNUMBER(S10)),S10*1000+(1000-ROW()),"") -> 7990 | AG10: =IF(AF10="","",RANK(AF10,$AF$2:$AF$500)) -> 4
B11: GOP-AR-2026-0010 | C11: =IF(D11="","",IFERROR(INDEX(CADASTRO_VIVO_3CRE!$B$2:$B$150,MATCH(D11,CADASTRO_VIVO_3CRE!$E$2:$E$150,0)),"")) -> 313022 | D11: Escola Municipal Professor Augusto Paulino Filho | E11: salas 02,10, 15 e 17 | F11: Substituição/Instalação de Aparelho | M11: 2 | N11: Não apta | O11: 12 - Orçamento aprovado | P11: GIN / Unidade Escolar | Q11: Confirmar recurso, data de início e previsão de conclusão das adequações. | R11: 46164 | S11: =IF(R11="","",TODAY()-INT(R11)) -> 7 | T11: Pendente de Vistoria | U11: Média | V11: Status original: Aguardando orçamentos para adequação | Observação original: Última cobrança da E/CTO - 20/04/2026 | Registro GOP: Sala de aula sem climatização Orçamentos aprovados pela CPS- aguardando a da... | W11: 46105 | X11: =IF(W11="","",IF(OR(O11="28 - Encerrado",O11="27 - Instalação concluída"),"Concluído",TODAY()-INT(W11))) -> 66 | Y11: =IF(OR(O11="28 - Encerrado",O11="27 - Instalação concluída"),"OK",IF(AND(B11<>"",S11=""),"ATENÇÃO (Sem data de atualização)",IF(S11="","",IF(S11>30,"CRÍTICO (Sem Atualização >30 dias)",IF(S11>15,"ATENÇÃO (Sem Atualização >15 dias)",IF(X11>90,"CRÍTICO (Aberto >90 dias)","OK")))))) -> OK | Z11: =IF(B11="","",IF(OR(O11="27 - Instalação concluída",O11="28 - Encerrado"),"OK",IF(NOT(ISNUMBER(X11)),"",IF(X11>365,"MUITO ANTIGO (>1 ano)",IF(X11>180,"ANTIGO (>6 meses)",IF(X11>90,"ATENÇÃO ANTIG. (>3 meses)","OK")))))) -> OK | AB11: =IF(AND(B11<>"",OR(T11="Pendente de Vistoria",T11="Não validada")),MAX($AB$1:$AB$10)+1,"") -> 9 | AC11: =IF(AND(B11<>"",OR(ISNUMBER(SEARCH("CTIN",P11)),U11="Alta",O11="07 - Relatório recebido — unidade apta",O11="11 - Orçamentos em análise técnica",O11="22 - Instalação/substituição autorizada")),MAX($AC$1:$AC$10)+1,"") | AD11: =IF(AND(B11<>"",OR(ISNUMBER(SEARCH("CTO",P11)),LEFT(O11,2)="22",LEFT(O11,2)="23",LEFT(O11,2)="24",LEFT(O11,2)="25",LEFT(O11,2)="26",LEFT(O11,2)="27")),MAX($AD$1:$AD$10)+1,"") | AE11: =IF(AND(B11<>"",D11=CONSULTA_UNIDADE!$B$4),MAX($AE$1:$AE$10)+1,"") | AF11: =IF(AND(B11<>"",O11<>"27 - Instalação concluída",O11<>"28 - Encerrado",ISNUMBER(S11)),S11*1000+(1000-ROW()),"") -> 7989 | AG11: =IF(AF11="","",RANK(AF11,$AF$2:$AF$500)) -> 5
B12: GOP-AR-2026-0011 | C12: =IF(D12="","",IFERROR(INDEX(CADASTRO_VIVO_3CRE!$B$2:$B$150,MATCH(D12,CADASTRO_VIVO_3CRE!$E$2:$E$150,0)),"")) -> 313018 | D12: Escola Municipal Isabel Mendes | E12: salas 1,2,3,4,5,6,7,9,11 e recursos | F12: Substituição/Instalação de Aparelho | M12: 1 | N12: Não apta | O12: 09 - Aguardando orçamentos da unidade | P12: Unidade Escolar / GIN | Q12: Cobrar/receber orçamentos e conferir se contemplam o escopo técnico. | R12: 46169 | S12: =IF(R12="","",TODAY()-INT(R12)) -> 2 | T12: Pendente de Vistoria | U12: Média | V12: Status original: Aguardando orçamentos para adequação | Observação original: Última cobrança da E/CTO - 20/04/2026 | Registro GOP: Previsão de término da elétrica 15/06 | W12: 46105 | X12: =IF(W12="","",IF(OR(O12="28 - Encerrado",O12="27 - Instalação concluída"),"Concluído",TODAY()-INT(W12))) -> 66 | Y12: =IF(OR(O12="28 - Encerrado",O12="27 - Instalação concluída"),"OK",IF(AND(B12<>"",S12=""),"ATENÇÃO (Sem data de atualização)",IF(S12="","",IF(S12>30,"CRÍTICO (Sem Atualização >30 dias)",IF(S12>15,"ATENÇÃO (Sem Atualização >15 dias)",IF(X12>90,"CRÍTICO (Aberto >90 dias)","OK")))))) -> OK | Z12: =IF(B12="","",IF(OR(O12="27 - Instalação concluída",O12="28 - Encerrado"),"OK",IF(NOT(ISNUMBER(X12)),"",IF(X12>365,"MUITO ANTIGO (>1 ano)",IF(X12>180,"ANTIGO (>6 meses)",IF(X12>90,"ATENÇÃO ANTIG. (>3 meses)","OK")))))) -> OK | AB12: =IF(AND(B12<>"",OR(T12="Pendente de Vistoria",T12="Não validada")),MAX($AB$1:$AB$11)+1,"") -> 10 | AC12: =IF(AND(B12<>"",OR(ISNUMBER(SEARCH("CTIN",P12)),U12="Alta",O12="07 - Relatório recebido — unidade apta",O12="11 - Orçamentos em análise técnica",O12="22 - Instalação/substituição autorizada")),MAX($AC$1:$AC$11)+1,"") | AD12: =IF(AND(B12<>"",OR(ISNUMBER(SEARCH("CTO",P12)),LEFT(O12,2)="22",LEFT(O12,2)="23",LEFT(O12,2)="24",LEFT(O12,2)="25",LEFT(O12,2)="26",LEFT(O12,2)="27")),MAX($AD$1:$AD$11)+1,"") | AE12: =IF(AND(B12<>"",D12=CONSULTA_UNIDADE!$B$4),MAX($AE$1:$AE$11)+1,"") | AF12: =IF(AND(B12<>"",O12<>"27 - Instalação concluída",O12<>"28 - Encerrado",ISNUMBER(S12)),S12*1000+(1000-ROW()),"") -> 2988 | AG12: =IF(AF12="","",RANK(AF12,$AF$2:$AF$500)) -> 15
B13: GOP-AR-2026-0012 | C13: =IF(D13="","",IFERROR(INDEX(CADASTRO_VIVO_3CRE!$B$2:$B$150,MATCH(D13,CADASTRO_VIVO_3CRE!$E$2:$E$150,0)),"")) -> 312021 | D13: Escola Municipal Eurico Vilela | E13: sala 2 , 5, 10, 9 e 12 | F13: Substituição/Instalação de Aparelho | M13: 1 | N13: Não apta | O13: 17 - Serviço iniciado | P13: GIN / Unidade Escolar | Q13: Acompanhar execução e registrar data de conclusão. | R13: 46168 | S13: =IF(R13="","",TODAY()-INT(R13)) -> 3 | T13: Pendente de Vistoria | U13: Média | V13: Status original: Aguardando orçamentos para adequação | Observação original: Última cobrança da E/CTO - 20/04/2026 | Registro GOP: Valor imputado no cartão SDP. | W13: 46105 | X13: =IF(W13="","",IF(OR(O13="28 - Encerrado",O13="27 - Instalação concluída"),"Concluído",TODAY()-INT(W13))) -> 66 | Y13: =IF(OR(O13="28 - Encerrado",O13="27 - Instalação concluída"),"OK",IF(AND(B13<>"",S13=""),"ATENÇÃO (Sem data de atualização)",IF(S13="","",IF(S13>30,"CRÍTICO (Sem Atualização >30 dias)",IF(S13>15,"ATENÇÃO (Sem Atualização >15 dias)",IF(X13>90,"CRÍTICO (Aberto >90 dias)","OK")))))) -> OK | Z13: =IF(B13="","",IF(OR(O13="27 - Instalação concluída",O13="28 - Encerrado"),"OK",IF(NOT(ISNUMBER(X13)),"",IF(X13>365,"MUITO ANTIGO (>1 ano)",IF(X13>180,"ANTIGO (>6 meses)",IF(X13>90,"ATENÇÃO ANTIG. (>3 meses)","OK")))))) -> OK | AB13: =IF(AND(B13<>"",OR(T13="Pendente de Vistoria",T13="Não validada")),MAX($AB$1:$AB$12)+1,"") -> 11 | AC13: =IF(AND(B13<>"",OR(ISNUMBER(SEARCH("CTIN",P13)),U13="Alta",O13="07 - Relatório recebido — unidade apta",O13="11 - Orçamentos em análise técnica",O13="22 - Instalação/substituição autorizada")),MAX($AC$1:$AC$12)+1,"") | AD13: =IF(AND(B13<>"",OR(ISNUMBER(SEARCH("CTO",P13)),LEFT(O13,2)="22",LEFT(O13,2)="23",LEFT(O13,2)="24",LEFT(O13,2)="25",LEFT(O13,2)="26",LEFT(O13,2)="27")),MAX($AD$1:$AD$12)+1,"") | AE13: =IF(AND(B13<>"",D13=CONSULTA_UNIDADE!$B$4),MAX($AE$1:$AE$12)+1,"") | AF13: =IF(AND(B13<>"",O13<>"27 - Instalação concluída",O13<>"28 - Encerrado",ISNUMBER(S13)),S13*1000+(1000-ROW()),"") -> 3987 | AG13: =IF(AF13="","",RANK(AF13,$AF$2:$AF$500)) -> 10
B14: GOP-AR-2026-0013 | C14: =IF(D14="","",IFERROR(INDEX(CADASTRO_VIVO_3CRE!$B$2:$B$150,MATCH(D14,CADASTRO_VIVO_3CRE!$E$2:$E$150,0)),"")) -> 313040 | D14: Escola Municipal Brigadeiro Faria Lima | E14: Salas 7 e 12 | F14: Substituição/Instalação de Aparelho | G14: Janela | L14: 2 | M14: 0 | N14: Apta | O14: 27 - Instalação concluída | P14: GOP | Q14: Confirmar encerramento e atualizar cadastro vivo da unidade. | R14: 46164 | S14: =IF(R14="","",TODAY()-INT(R14)) -> 7 | T14: Sim | U14: Média | V14: Status original: Providenciando instalação dos aparelhos enviados | Observação original: Aparelhos requisitados em 30/03/2026 | Registro GOP: Aparelhos instalados | W14: 46105 | X14: =IF(W14="","",IF(OR(O14="28 - Encerrado",O14="27 - Instalação concluída"),"Concluído",TODAY()-INT(W14))) -> Concluído | Y14: =IF(OR(O14="28 - Encerrado",O14="27 - Instalação concluída"),"OK",IF(AND(B14<>"",S14=""),"ATENÇÃO (Sem data de atualização)",IF(S14="","",IF(S14>30,"CRÍTICO (Sem Atualização >30 dias)",IF(S14>15,"ATENÇÃO (Sem Atualização >15 dias)",IF(X14>90,"CRÍTICO (Aberto >90 dias)","OK")))))) -> OK | Z14: =IF(B14="","",IF(OR(O14="27 - Instalação concluída",O14="28 - Encerrado"),"OK",IF(NOT(ISNUMBER(X14)),"",IF(X14>365,"MUITO ANTIGO (>1 ano)",IF(X14>180,"ANTIGO (>6 meses)",IF(X14>90,"ATENÇÃO ANTIG. (>3 meses)","OK")))))) -> OK | AB14: =IF(AND(B14<>"",OR(T14="Pendente de Vistoria",T14="Não validada")),MAX($AB$1:$AB$13)+1,"") | AC14: =IF(AND(B14<>"",OR(ISNUMBER(SEARCH("CTIN",P14)),U14="Alta",O14="07 - Relatório recebido — unidade apta",O14="11 - Orçamentos em análise técnica",O14="22 - Instalação/substituição autorizada")),MAX($AC$1:$AC$13)+1,"") | AD14: =IF(AND(B14<>"",OR(ISNUMBER(SEARCH("CTO",P14)),LEFT(O14,2)="22",LEFT(O14,2)="23",LEFT(O14,2)="24",LEFT(O14,2)="25",LEFT(O14,2)="26",LEFT(O14,2)="27")),MAX($AD$1:$AD$13)+1,"") -> 3 | AE14: =IF(AND(B14<>"",D14=CONSULTA_UNIDADE!$B$4),MAX($AE$1:$AE$13)+1,"") | AF14: =IF(AND(B14<>"",O14<>"27 - Instalação concluída",O14<>"28 - Encerrado",ISNUMBER(S14)),S14*1000+(1000-ROW()),"") | AG14: =IF(AF14="","",RANK(AF14,$AF$2:$AF$500))
B15: GOP-AR-2026-0014 | C15: =IF(D15="","",IFERROR(INDEX(CADASTRO_VIVO_3CRE!$B$2:$B$150,MATCH(D15,CADASTRO_VIVO_3CRE!$E$2:$E$150,0)),"")) -> 313041 | D15: Escola Municipal Tobias Barreto | E15: A confirmar pela unidade | F15: Substituição/Instalação de Aparelho | N15: Não apta | O15: 09 - Aguardando orçamentos da unidade | P15: Unidade Escolar / GIN | Q15: Cobrar/receber orçamentos e conferir se contemplam o escopo técnico. | R15: 46169 | S15: =IF(R15="","",TODAY()-INT(R15)) -> 2 | T15: Pendente de Vistoria | U15: Média | V15: Status original: Aguardando orçamentos para adequação | Observação original: Aparelhos requisitados em 01/04/2026 | Registro GOP: Aguardando orçamentos | W15: 46105 | X15: =IF(W15="","",IF(OR(O15="28 - Encerrado",O15="27 - Instalação concluída"),"Concluído",TODAY()-INT(W15))) -> 66 | Y15: =IF(OR(O15="28 - Encerrado",O15="27 - Instalação concluída"),"OK",IF(AND(B15<>"",S15=""),"ATENÇÃO (Sem data de atualização)",IF(S15="","",IF(S15>30,"CRÍTICO (Sem Atualização >30 dias)",IF(S15>15,"ATENÇÃO (Sem Atualização >15 dias)",IF(X15>90,"CRÍTICO (Aberto >90 dias)","OK")))))) -> OK | Z15: =IF(B15="","",IF(OR(O15="27 - Instalação concluída",O15="28 - Encerrado"),"OK",IF(NOT(ISNUMBER(X15)),"",IF(X15>365,"MUITO ANTIGO (>1 ano)",IF(X15>180,"ANTIGO (>6 meses)",IF(X15>90,"ATENÇÃO ANTIG. (>3 meses)","OK")))))) -> OK | AB15: =IF(AND(B15<>"",OR(T15="Pendente de Vistoria",T15="Não validada")),MAX($AB$1:$AB$14)+1,"") -> 12 | AC15: =IF(AND(B15<>"",OR(ISNUMBER(SEARCH("CTIN",P15)),U15="Alta",O15="07 - Relatório recebido — unidade apta",O15="11 - Orçamentos em análise técnica",O15="22 - Instalação/substituição autorizada")),MAX($AC$1:$AC$14)+1,"") | AD15: =IF(AND(B15<>"",OR(ISNUMBER(SEARCH("CTO",P15)),LEFT(O15,2)="22",LEFT(O15,2)="23",LEFT(O15,2)="24",LEFT(O15,2)="25",LEFT(O15,2)="26",LEFT(O15,2)="27")),MAX($AD$1:$AD$14)+1,"") | AE15: =IF(AND(B15<>"",D15=CONSULTA_UNIDADE!$B$4),MAX($AE$1:$AE$14)+1,"") | AF15: =IF(AND(B15<>"",O15<>"27 - Instalação concluída",O15<>"28 - Encerrado",ISNUMBER(S15)),S15*1000+(1000-ROW()),"") -> 2985 | AG15: =IF(AF15="","",RANK(AF15,$AF$2:$AF$500)) -> 16
B16: GOP-AR-2026-0015 | C16: =IF(D16="","",IFERROR(INDEX(CADASTRO_VIVO_3CRE!$B$2:$B$150,MATCH(D16,CADASTRO_VIVO_3CRE!$E$2:$E$150,0)),"")) -> 312043 | D16: Escola Municipal Cívico Militar Carioca | E16: Salas 1,2,4,5,6,7,8,9,10,11 artes, sala inteligente | F16: Substituição/Instalação de Aparelho | G16: Split | K16: 12 | M16: 0 | N16: Apta | O16: 27 - Instalação concluída | P16: GOP | Q16: Confirmar encerramento e atualizar cadastro vivo da unidade. | R16: 46164 | S16: =IF(R16="","",TODAY()-INT(R16)) -> 7 | T16: Sim | U16: Média | V16: Status original: Providenciando instalação dos aparelhos enviados | Observação original: Aparelhos requisitados em 01/04/2026 e 06/04/2026 | Registro GOP: Aparelhos instalados | W16: 46105 | X16: =IF(W16="","",IF(OR(O16="28 - Encerrado",O16="27 - Instalação concluída"),"Concluído",TODAY()-INT(W16))) -> Concluído | Y16: =IF(OR(O16="28 - Encerrado",O16="27 - Instalação concluída"),"OK",IF(AND(B16<>"",S16=""),"ATENÇÃO (Sem data de atualização)",IF(S16="","",IF(S16>30,"CRÍTICO (Sem Atualização >30 dias)",IF(S16>15,"ATENÇÃO (Sem Atualização >15 dias)",IF(X16>90,"CRÍTICO (Aberto >90 dias)","OK")))))) -> OK | Z16: =IF(B16="","",IF(OR(O16="27 - Instalação concluída",O16="28 - Encerrado"),"OK",IF(NOT(ISNUMBER(X16)),"",IF(X16>365,"MUITO ANTIGO (>1 ano)",IF(X16>180,"ANTIGO (>6 meses)",IF(X16>90,"ATENÇÃO ANTIG. (>3 meses)","OK")))))) -> OK | AB16: =IF(AND(B16<>"",OR(T16="Pendente de Vistoria",T16="Não validada")),MAX($AB$1:$AB$15)+1,"") | AC16: =IF(AND(B16<>"",OR(ISNUMBER(SEARCH("CTIN",P16)),U16="Alta",O16="07 - Relatório recebido — unidade apta",O16="11 - Orçamentos em análise técnica",O16="22 - Instalação/substituição autorizada")),MAX($AC$1:$AC$15)+1,"") | AD16: =IF(AND(B16<>"",OR(ISNUMBER(SEARCH("CTO",P16)),LEFT(O16,2)="22",LEFT(O16,2)="23",LEFT(O16,2)="24",LEFT(O16,2)="25",LEFT(O16,2)="26",LEFT(O16,2)="27")),MAX($AD$1:$AD$15)+1,"") -> 4 | AE16: =IF(AND(B16<>"",D16=CONSULTA_UNIDADE!$B$4),MAX($AE$1:$AE$15)+1,"") | AF16: =IF(AND(B16<>"",O16<>"27 - Instalação concluída",O16<>"28 - Encerrado",ISNUMBER(S16)),S16*1000+(1000-ROW()),"") | AG16: =IF(AF16="","",RANK(AF16,$AF$2:$AF$500))
B17: GOP-AR-2026-0016 | C17: =IF(D17="","",IFERROR(INDEX(CADASTRO_VIVO_3CRE!$B$2:$B$150,MATCH(D17,CADASTRO_VIVO_3CRE!$E$2:$E$150,0)),"")) -> 312023 | D17: Escola Municipal Joaquim Ribeiro | E17: Colaboratório - 2 janelas de 18 mil BTU Sala 308 - 1 split de 18 mil BTU (2° ... | F17: Substituição/Instalação de Aparelho | G17: Split e janela | K17: 2 | L17: 1 | M17: 0 | N17: Apta | O17: 27 - Instalação concluída | P17: GOP | Q17: Confirmar encerramento e atualizar cadastro vivo da unidade. | R17: 46164 | S17: =IF(R17="","",TODAY()-INT(R17)) -> 7 | T17: Sim | U17: Média | V17: Status original: Providenciando instalação dos aparelhos enviados | Observação original: Aparelhos requisitados em 07/04/2026 | Registro GOP: Aparelhos instalados | W17: 45714 | X17: =IF(W17="","",IF(OR(O17="28 - Encerrado",O17="27 - Instalação concluída"),"Concluído",TODAY()-INT(W17))) -> Concluído | Y17: =IF(OR(O17="28 - Encerrado",O17="27 - Instalação concluída"),"OK",IF(AND(B17<>"",S17=""),"ATENÇÃO (Sem data de atualização)",IF(S17="","",IF(S17>30,"CRÍTICO (Sem Atualização >30 dias)",IF(S17>15,"ATENÇÃO (Sem Atualização >15 dias)",IF(X17>90,"CRÍTICO (Aberto >90 dias)","OK")))))) -> OK | Z17: =IF(B17="","",IF(OR(O17="27 - Instalação concluída",O17="28 - Encerrado"),"OK",IF(NOT(ISNUMBER(X17)),"",IF(X17>365,"MUITO ANTIGO (>1 ano)",IF(X17>180,"ANTIGO (>6 meses)",IF(X17>90,"ATENÇÃO ANTIG. (>3 meses)","OK")))))) -> OK | AB17: =IF(AND(B17<>"",OR(T17="Pendente de Vistoria",T17="Não validada")),MAX($AB$1:$AB$16)+1,"") | AC17: =IF(AND(B17<>"",OR(ISNUMBER(SEARCH("CTIN",P17)),U17="Alta",O17="07 - Relatório recebido — unidade apta",O17="11 - Orçamentos em análise técnica",O17="22 - Instalação/substituição autorizada")),MAX($AC$1:$AC$16)+1,"") | AD17: =IF(AND(B17<>"",OR(ISNUMBER(SEARCH("CTO",P17)),LEFT(O17,2)="22",LEFT(O17,2)="23",LEFT(O17,2)="24",LEFT(O17,2)="25",LEFT(O17,2)="26",LEFT(O17,2)="27")),MAX($AD$1:$AD$16)+1,"") -> 5 | AE17: =IF(AND(B17<>"",D17=CONSULTA_UNIDADE!$B$4),MAX($AE$1:$AE$16)+1,"") | AF17: =IF(AND(B17<>"",O17<>"27 - Instalação concluída",O17<>"28 - Encerrado",ISNUMBER(S17)),S17*1000+(1000-ROW()),"") | AG17: =IF(AF17="","",RANK(AF17,$AF$2:$AF$500))
B18: GOP-AR-2026-0017 | C18: =IF(D18="","",IFERROR(INDEX(CADASTRO_VIVO_3CRE!$B$2:$B$150,MATCH(D18,CADASTRO_VIVO_3CRE!$E$2:$E$150,0)),"")) -> 313007 | D18: Escola Municipal Sarmiento | E18: Sala 1, 10, 16 | F18: Substituição/Instalação de Aparelho | O18: 02 - Em triagem pela GOP | P18: GOP | Q18: Verificar informações mínimas e definir encaminhamento. | S18: =IF(R18="","",TODAY()-INT(R18)) | T18: Pendente de Vistoria | U18: Média | V18: Status original: Providenciando instalação dos aparelhos enviados | Observação original: Aparelhos requisitados em 08/04/2026 | Registro GOP: Aguardando a confirmação da instalação dos aparelhos | W18: 46106 | X18: =IF(W18="","",IF(OR(O18="28 - Encerrado",O18="27 - Instalação concluída"),"Concluído",TODAY()-INT(W18))) -> 65 | Y18: =IF(OR(O18="28 - Encerrado",O18="27 - Instalação concluída"),"OK",IF(AND(B18<>"",S18=""),"ATENÇÃO (Sem data de atualização)",IF(S18="","",IF(S18>30,"CRÍTICO (Sem Atualização >30 dias)",IF(S18>15,"ATENÇÃO (Sem Atualização >15 dias)",IF(X18>90,"CRÍTICO (Aberto >90 dias)","OK")))))) -> ATENÇÃO (Sem data de atualização) | Z18: =IF(B18="","",IF(OR(O18="27 - Instalação concluída",O18="28 - Encerrado"),"OK",IF(NOT(ISNUMBER(X18)),"",IF(X18>365,"MUITO ANTIGO (>1 ano)",IF(X18>180,"ANTIGO (>6 meses)",IF(X18>90,"ATENÇÃO ANTIG. (>3 meses)","OK")))))) -> OK | AB18: =IF(AND(B18<>"",OR(T18="Pendente de Vistoria",T18="Não validada")),MAX($AB$1:$AB$17)+1,"") -> 13 | AC18: =IF(AND(B18<>"",OR(ISNUMBER(SEARCH("CTIN",P18)),U18="Alta",O18="07 - Relatório recebido — unidade apta",O18="11 - Orçamentos em análise técnica",O18="22 - Instalação/substituição autorizada")),MAX($AC$1:$AC$17)+1,"") | AD18: =IF(AND(B18<>"",OR(ISNUMBER(SEARCH("CTO",P18)),LEFT(O18,2)="22",LEFT(O18,2)="23",LEFT(O18,2)="24",LEFT(O18,2)="25",LEFT(O18,2)="26",LEFT(O18,2)="27")),MAX($AD$1:$AD$17)+1,"") | AE18: =IF(AND(B18<>"",D18=CONSULTA_UNIDADE!$B$4),MAX($AE$1:$AE$17)+1,"") | AF18: =IF(AND(B18<>"",O18<>"27 - Instalação concluída",O18<>"28 - Encerrado",ISNUMBER(S18)),S18*1000+(1000-ROW()),"") | AG18: =IF(AF18="","",RANK(AF18,$AF$2:$AF$500))
B19: GOP-AR-2026-0018 | C19: =IF(D19="","",IFERROR(INDEX(CADASTRO_VIVO_3CRE!$B$2:$B$150,MATCH(D19,CADASTRO_VIVO_3CRE!$E$2:$E$150,0)),"")) -> 312012 | D19: Escola Municipal Manoel Bomfim | E19: Sala 5 | F19: Substituição/Instalação de Aparelho | G19: Split | K19: 2 | M19: 0 | N19: Apta | O19: 27 - Instalação concluída | P19: GOP | Q19: Confirmar encerramento e atualizar cadastro vivo da unidade. | R19: 46164 | S19: =IF(R19="","",TODAY()-INT(R19)) -> 7 | T19: Sim | U19: Média | V19: Status original: Providenciando instalação dos aparelhos enviados | Observação original: Aparelhos requisitados em 10/04/2026 | Registro GOP: Aparelhos instalados | W19: 45882 | X19: =IF(W19="","",IF(OR(O19="28 - Encerrado",O19="27 - Instalação concluída"),"Concluído",TODAY()-INT(W19))) -> Concluído | Y19: =IF(OR(O19="28 - Encerrado",O19="27 - Instalação concluída"),"OK",IF(AND(B19<>"",S19=""),"ATENÇÃO (Sem data de atualização)",IF(S19="","",IF(S19>30,"CRÍTICO (Sem Atualização >30 dias)",IF(S19>15,"ATENÇÃO (Sem Atualização >15 dias)",IF(X19>90,"CRÍTICO (Aberto >90 dias)","OK")))))) -> OK | Z19: =IF(B19="","",IF(OR(O19="27 - Instalação concluída",O19="28 - Encerrado"),"OK",IF(NOT(ISNUMBER(X19)),"",IF(X19>365,"MUITO ANTIGO (>1 ano)",IF(X19>180,"ANTIGO (>6 meses)",IF(X19>90,"ATENÇÃO ANTIG. (>3 meses)","OK")))))) -> OK | AB19: =IF(AND(B19<>"",OR(T19="Pendente de Vistoria",T19="Não validada")),MAX($AB$1:$AB$18)+1,"") | AC19: =IF(AND(B19<>"",OR(ISNUMBER(SEARCH("CTIN",P19)),U19="Alta",O19="07 - Relatório recebido — unidade apta",O19="11 - Orçamentos em análise técnica",O19="22 - Instalação/substituição autorizada")),MAX($AC$1:$AC$18)+1,"") | AD19: =IF(AND(B19<>"",OR(ISNUMBER(SEARCH("CTO",P19)),LEFT(O19,2)="22",LEFT(O19,2)="23",LEFT(O19,2)="24",LEFT(O19,2)="25",LEFT(O19,2)="26",LEFT(O19,2)="27")),MAX($AD$1:$AD$18)+1,"") -> 6 | AE19: =IF(AND(B19<>"",D19=CONSULTA_UNIDADE!$B$4),MAX($AE$1:$AE$18)+1,"") | AF19: =IF(AND(B19<>"",O19<>"27 - Instalação concluída",O19<>"28 - Encerrado",ISNUMBER(S19)),S19*1000+(1000-ROW()),"") | AG19: =IF(AF19="","",RANK(AF19,$AF$2:$AF$500))
B20: GOP-AR-2026-0019 | C20: =IF(D20="","",IFERROR(INDEX(CADASTRO_VIVO_3CRE!$B$2:$B$150,MATCH(D20,CADASTRO_VIVO_3CRE!$E$2:$E$150,0)),"")) -> 312035 | D20: Escola Municipal Antônio Pereira | E20: salas 2 e 4 | F20: Substituição/Instalação de Aparelho | G20: Split e janela | K20: 2 | L20: 2 | M20: Auditório /sala da direção | N20: Apta | O20: 07 - Relatório recebido — unidade apta | P20: GIN / CPS | Q20: Preparar comunicação para CTO, se a demanda já estiver autorizada. | R20: 46168 | S20: =IF(R20="","",TODAY()-INT(R20)) -> 3 | T20: Sim | U20: Média | V20: Status original: Providenciando instalação dos aparelhos enviados | Observação original: Aparelhos requisitados em 21/05/2026 | Registro GOP: Recebeu os aparelhos. Previsão de término da instalação 29/05 | W20: 46164 | X20: =IF(W20="","",IF(OR(O20="28 - Encerrado",O20="27 - Instalação concluída"),"Concluído",TODAY()-INT(W20))) -> 7 | Y20: =IF(OR(O20="28 - Encerrado",O20="27 - Instalação concluída"),"OK",IF(AND(B20<>"",S20=""),"ATENÇÃO (Sem data de atualização)",IF(S20="","",IF(S20>30,"CRÍTICO (Sem Atualização >30 dias)",IF(S20>15,"ATENÇÃO (Sem Atualização >15 dias)",IF(X20>90,"CRÍTICO (Aberto >90 dias)","OK")))))) -> OK | Z20: =IF(B20="","",IF(OR(O20="27 - Instalação concluída",O20="28 - Encerrado"),"OK",IF(NOT(ISNUMBER(X20)),"",IF(X20>365,"MUITO ANTIGO (>1 ano)",IF(X20>180,"ANTIGO (>6 meses)",IF(X20>90,"ATENÇÃO ANTIG. (>3 meses)","OK")))))) -> OK | AB20: =IF(AND(B20<>"",OR(T20="Pendente de Vistoria",T20="Não validada")),MAX($AB$1:$AB$19)+1,"") | AC20: =IF(AND(B20<>"",OR(ISNUMBER(SEARCH("CTIN",P20)),U20="Alta",O20="07 - Relatório recebido — unidade apta",O20="11 - Orçamentos em análise técnica",O20="22 - Instalação/substituição autorizada")),MAX($AC$1:$AC$19)+1,"") -> 1 | AD20: =IF(AND(B20<>"",OR(ISNUMBER(SEARCH("CTO",P20)),LEFT(O20,2)="22",LEFT(O20,2)="23",LEFT(O20,2)="24",LEFT(O20,2)="25",LEFT(O20,2)="26",LEFT(O20,2)="27")),MAX($AD$1:$AD$19)+1,"") | AE20: =IF(AND(B20<>"",D20=CONSULTA_UNIDADE!$B$4),MAX($AE$1:$AE$19)+1,"") | AF20: =IF(AND(B20<>"",O20<>"27 - Instalação concluída",O20<>"28 - Encerrado",ISNUMBER(S20)),S20*1000+(1000-ROW()),"") -> 3980 | AG20: =IF(AF20="","",RANK(AF20,$AF$2:$AF$500)) -> 11
B21: GOP-AR-2026-0020 | C21: =IF(D21="","",IFERROR(INDEX(CADASTRO_VIVO_3CRE!$B$2:$B$150,MATCH(D21,CADASTRO_VIVO_3CRE!$E$2:$E$150,0)),"")) -> 312801 | D21: Espaço de Desenvolvimento Infantil Henrique Foréis | E21: berçário | berçário | F21: Substituição/Instalação de Aparelho | G21: Split | K21: 1 | M21: 0 | N21: Apta | O21: 27 - Instalação concluída | P21: GOP | Q21: Confirmar encerramento e atualizar cadastro vivo da unidade. | R21: 46169 | S21: =IF(R21="","",TODAY()-INT(R21)) -> 2 | T21: Sim | U21: Média | V21: Status original: Providenciando instalação dos aparelhos enviados | Observação original: Aparelhos requisitados em 21/05/2026 | Registro GOP: Instalados | W21: 46105 | X21: =IF(W21="","",IF(OR(O21="28 - Encerrado",O21="27 - Instalação concluída"),"Concluído",TODAY()-INT(W21))) -> Concluído | Y21: =IF(OR(O21="28 - Encerrado",O21="27 - Instalação concluída"),"OK",IF(AND(B21<>"",S21=""),"ATENÇÃO (Sem data de atualização)",IF(S21="","",IF(S21>30,"CRÍTICO (Sem Atualização >30 dias)",IF(S21>15,"ATENÇÃO (Sem Atualização >15 dias)",IF(X21>90,"CRÍTICO (Aberto >90 dias)","OK")))))) -> OK | Z21: =IF(B21="","",IF(OR(O21="27 - Instalação concluída",O21="28 - Encerrado"),"OK",IF(NOT(ISNUMBER(X21)),"",IF(X21>365,"MUITO ANTIGO (>1 ano)",IF(X21>180,"ANTIGO (>6 meses)",IF(X21>90,"ATENÇÃO ANTIG. (>3 meses)","OK")))))) -> OK | AB21: =IF(AND(B21<>"",OR(T21="Pendente de Vistoria",T21="Não validada")),MAX($AB$1:$AB$20)+1,"") | AC21: =IF(AND(B21<>"",OR(ISNUMBER(SEARCH("CTIN",P21)),U21="Alta",O21="07 - Relatório recebido — unidade apta",O21="11 - Orçamentos em análise técnica",O21="22 - Instalação/substituição autorizada")),MAX($AC$1:$AC$20)+1,"") | AD21: =IF(AND(B21<>"",OR(ISNUMBER(SEARCH("CTO",P21)),LEFT(O21,2)="22",LEFT(O21,2)="23",LEFT(O21,2)="24",LEFT(O21,2)="25",LEFT(O21,2)="26",LEFT(O21,2)="27")),MAX($AD$1:$AD$20)+1,"") -> 7 | AE21: =IF(AND(B21<>"",D21=CONSULTA_UNIDADE!$B$4),MAX($AE$1:$AE$20)+1,"") | AF21: =IF(AND(B21<>"",O21<>"27 - Instalação concluída",O21<>"28 - Encerrado",ISNUMBER(S21)),S21*1000+(1000-ROW()),"") | AG21: =IF(AF21="","",RANK(AF21,$AF$2:$AF$500))
B22: GOP-AR-2026-0021 | C22: =IF(D22="","",IFERROR(INDEX(CADASTRO_VIVO_3CRE!$B$2:$B$150,MATCH(D22,CADASTRO_VIVO_3CRE!$E$2:$E$150,0)),"")) -> 312006 | D22: Núcleo de Arte Nise da Silveira | E22: Sala de teatro | F22: Substituição/Instalação de Aparelho | G22: Janela | L22: 1 | N22: Apta parcialmente | O22: 27 - Instalação concluída | P22: GOP | Q22: Confirmar encerramento e atualizar cadastro vivo da unidade. | R22: 46164 | S22: =IF(R22="","",TODAY()-INT(R22)) -> 7 | T22: Pendente de Vistoria | U22: Média | V22: Status original: Garantia acionada | Observação original: Aparelhos requisitados em 09/05/2026 | Registro GOP: Sala de Teatro instalado. Adequação para instalação na sala de dança | W22: 46105 | X22: =IF(W22="","",IF(OR(O22="28 - Encerrado",O22="27 - Instalação concluída"),"Concluído",TODAY()-INT(W22))) -> Concluído | Y22: =IF(OR(O22="28 - Encerrado",O22="27 - Instalação concluída"),"OK",IF(AND(B22<>"",S22=""),"ATENÇÃO (Sem data de atualização)",IF(S22="","",IF(S22>30,"CRÍTICO (Sem Atualização >30 dias)",IF(S22>15,"ATENÇÃO (Sem Atualização >15 dias)",IF(X22>90,"CRÍTICO (Aberto >90 dias)","OK")))))) -> OK | Z22: =IF(B22="","",IF(OR(O22="27 - Instalação concluída",O22="28 - Encerrado"),"OK",IF(NOT(ISNUMBER(X22)),"",IF(X22>365,"MUITO ANTIGO (>1 ano)",IF(X22>180,"ANTIGO (>6 meses)",IF(X22>90,"ATENÇÃO ANTIG. (>3 meses)","OK")))))) -> OK | AB22: =IF(AND(B22<>"",OR(T22="Pendente de Vistoria",T22="Não validada")),MAX($AB$1:$AB$21)+1,"") -> 14 | AC22: =IF(AND(B22<>"",OR(ISNUMBER(SEARCH("CTIN",P22)),U22="Alta",O22="07 - Relatório recebido — unidade apta",O22="11 - Orçamentos em análise técnica",O22="22 - Instalação/substituição autorizada")),MAX($AC$1:$AC$21)+1,"") | AD22: =IF(AND(B22<>"",OR(ISNUMBER(SEARCH("CTO",P22)),LEFT(O22,2)="22",LEFT(O22,2)="23",LEFT(O22,2)="24",LEFT(O22,2)="25",LEFT(O22,2)="26",LEFT(O22,2)="27")),MAX($AD$1:$AD$21)+1,"") -> 8 | AE22: =IF(AND(B22<>"",D22=CONSULTA_UNIDADE!$B$4),MAX($AE$1:$AE$21)+1,"") | AF22: =IF(AND(B22<>"",O22<>"27 - Instalação concluída",O22<>"28 - Encerrado",ISNUMBER(S22)),S22*1000+(1000-ROW()),"") | AG22: =IF(AF22="","",RANK(AF22,$AF$2:$AF$500))
B23: GOP-AR-2026-0022 | C23: =IF(D23="","",IFERROR(INDEX(CADASTRO_VIVO_3CRE!$B$2:$B$150,MATCH(D23,CADASTRO_VIVO_3CRE!$E$2:$E$150,0)),"")) -> 328602 | D23: Creche Municipal Tia Andreza | E23: Refeitório, sala dos professores, salas 1 e 4 | F23: Substituição/Instalação de Aparelho | N23: Não apta | O23: 09 - Aguardando orçamentos da unidade | P23: Unidade Escolar / GIN | Q23: Cobrar/receber orçamentos e conferir se contemplam o escopo técnico. | R23: 46164 | S23: =IF(R23="","",TODAY()-INT(R23)) -> 7 | T23: Pendente de Vistoria | U23: Média | V23: Status original: Aguardando orçamentos para adequação | Registro GOP: Unidade fábrica de vidro | W23: 45799 | X23: =IF(W23="","",IF(OR(O23="28 - Encerrado",O23="27 - Instalação concluída"),"Concluído",TODAY()-INT(W23))) -> 372 | Y23: =IF(OR(O23="28 - Encerrado",O23="27 - Instalação concluída"),"OK",IF(AND(B23<>"",S23=""),"ATENÇÃO (Sem data de atualização)",IF(S23="","",IF(S23>30,"CRÍTICO (Sem Atualização >30 dias)",IF(S23>15,"ATENÇÃO (Sem Atualização >15 dias)",IF(X23>90,"CRÍTICO (Aberto >90 dias)","OK")))))) -> CRÍTICO (Aberto >90 dias) | Z23: =IF(B23="","",IF(OR(O23="27 - Instalação concluída",O23="28 - Encerrado"),"OK",IF(NOT(ISNUMBER(X23)),"",IF(X23>365,"MUITO ANTIGO (>1 ano)",IF(X23>180,"ANTIGO (>6 meses)",IF(X23>90,"ATENÇÃO ANTIG. (>3 meses)","OK")))))) -> MUITO ANTIGO (>1 ano) | AB23: =IF(AND(B23<>"",OR(T23="Pendente de Vistoria",T23="Não validada")),MAX($AB$1:$AB$22)+1,"") -> 15 | AC23: =IF(AND(B23<>"",OR(ISNUMBER(SEARCH("CTIN",P23)),U23="Alta",O23="07 - Relatório recebido — unidade apta",O23="11 - Orçamentos em análise técnica",O23="22 - Instalação/substituição autorizada")),MAX($AC$1:$AC$22)+1,"") | AD23: =IF(AND(B23<>"",OR(ISNUMBER(SEARCH("CTO",P23)),LEFT(O23,2)="22",LEFT(O23,2)="23",LEFT(O23,2)="24",LEFT(O23,2)="25",LEFT(O23,2)="26",LEFT(O23,2)="27")),MAX($AD$1:$AD$22)+1,"") | AE23: =IF(AND(B23<>"",D23=CONSULTA_UNIDADE!$B$4),MAX($AE$1:$AE$22)+1,"") | AF23: =IF(AND(B23<>"",O23<>"27 - Instalação concluída",O23<>"28 - Encerrado",ISNUMBER(S23)),S23*1000+(1000-ROW()),"") -> 7977 | AG23: =IF(AF23="","",RANK(AF23,$AF$2:$AF$500)) -> 6
B24: GOP-AR-2026-0023 | C24: =IF(D24="","",IFERROR(INDEX(CADASTRO_VIVO_3CRE!$B$2:$B$150,MATCH(D24,CADASTRO_VIVO_3CRE!$E$2:$E$150,0)),"")) -> 328501 | D24: CIEP Vinicius de Moraes | E24: Salas 1, 2, 4, 6, 7, 11, 10 e 12 | F24: Substituição/Instalação de Aparelho | G24: Janela | L24: 1 | M24: 1 | N24: Apta parcialmente | O24: 27 - Instalação concluída | P24: GOP | Q24: Confirmar encerramento e atualizar cadastro vivo da unidade. | R24: 46164 | S24: =IF(R24="","",TODAY()-INT(R24)) -> 7 | T24: Pendente de Vistoria | U24: Média | V24: Observação original: Aparelho requisitado para sala 10 | Registro GOP: Aparelho instalado na sala de recursos sala 10. Adequação elétrica para as de... | W24: 46146 | X24: =IF(W24="","",IF(OR(O24="28 - Encerrado",O24="27 - Instalação concluída"),"Concluído",TODAY()-INT(W24))) -> Concluído | Y24: =IF(OR(O24="28 - Encerrado",O24="27 - Instalação concluída"),"OK",IF(AND(B24<>"",S24=""),"ATENÇÃO (Sem data de atualização)",IF(S24="","",IF(S24>30,"CRÍTICO (Sem Atualização >30 dias)",IF(S24>15,"ATENÇÃO (Sem Atualização >15 dias)",IF(X24>90,"CRÍTICO (Aberto >90 dias)","OK")))))) -> OK | Z24: =IF(B24="","",IF(OR(O24="27 - Instalação concluída",O24="28 - Encerrado"),"OK",IF(NOT(ISNUMBER(X24)),"",IF(X24>365,"MUITO ANTIGO (>1 ano)",IF(X24>180,"ANTIGO (>6 meses)",IF(X24>90,"ATENÇÃO ANTIG. (>3 meses)","OK")))))) -> OK | AB24: =IF(AND(B24<>"",OR(T24="Pendente de Vistoria",T24="Não validada")),MAX($AB$1:$AB$23)+1,"") -> 16 | AC24: =IF(AND(B24<>"",OR(ISNUMBER(SEARCH("CTIN",P24)),U24="Alta",O24="07 - Relatório recebido — unidade apta",O24="11 - Orçamentos em análise técnica",O24="22 - Instalação/substituição autorizada")),MAX($AC$1:$AC$23)+1,"") | AD24: =IF(AND(B24<>"",OR(ISNUMBER(SEARCH("CTO",P24)),LEFT(O24,2)="22",LEFT(O24,2)="23",LEFT(O24,2)="24",LEFT(O24,2)="25",LEFT(O24,2)="26",LEFT(O24,2)="27")),MAX($AD$1:$AD$23)+1,"") -> 9 | AE24: =IF(AND(B24<>"",D24=CONSULTA_UNIDADE!$B$4),MAX($AE$1:$AE$23)+1,"") | AF24: =IF(AND(B24<>"",O24<>"27 - Instalação concluída",O24<>"28 - Encerrado",ISNUMBER(S24)),S24*1000+(1000-ROW()),"") | AG24: =IF(AF24="","",RANK(AF24,$AF$2:$AF$500))
B25: GOP-AR-2026-0024 | C25: =IF(D25="","",IFERROR(INDEX(CADASTRO_VIVO_3CRE!$B$2:$B$150,MATCH(D25,CADASTRO_VIVO_3CRE!$E$2:$E$150,0)),"")) -> 313051 | D25: Escola Municipal Alagoas | E25: 1,2,3,4,5,6,7,8,9,10,11,12 | F25: Substituição/Instalação de Aparelho | G25: Janela | L25: 13 | M25: 0 | N25: Apta | O25: 27 - Instalação concluída | P25: GOP | Q25: Confirmar encerramento e atualizar cadastro vivo da unidade. | R25: 46168 | S25: =IF(R25="","",TODAY()-INT(R25)) -> 3 | T25: Sim | U25: Média | V25: Status original: Vistoria finalizada | Registro GOP: Instalados | W25: 46161 | X25: =IF(W25="","",IF(OR(O25="28 - Encerrado",O25="27 - Instalação concluída"),"Concluído",TODAY()-INT(W25))) -> Concluído | Y25: =IF(OR(O25="28 - Encerrado",O25="27 - Instalação concluída"),"OK",IF(AND(B25<>"",S25=""),"ATENÇÃO (Sem data de atualização)",IF(S25="","",IF(S25>30,"CRÍTICO (Sem Atualização >30 dias)",IF(S25>15,"ATENÇÃO (Sem Atualização >15 dias)",IF(X25>90,"CRÍTICO (Aberto >90 dias)","OK")))))) -> OK | Z25: =IF(B25="","",IF(OR(O25="27 - Instalação concluída",O25="28 - Encerrado"),"OK",IF(NOT(ISNUMBER(X25)),"",IF(X25>365,"MUITO ANTIGO (>1 ano)",IF(X25>180,"ANTIGO (>6 meses)",IF(X25>90,"ATENÇÃO ANTIG. (>3 meses)","OK")))))) -> OK | AB25: =IF(AND(B25<>"",OR(T25="Pendente de Vistoria",T25="Não validada")),MAX($AB$1:$AB$24)+1,"") | AC25: =IF(AND(B25<>"",OR(ISNUMBER(SEARCH("CTIN",P25)),U25="Alta",O25="07 - Relatório recebido — unidade apta",O25="11 - Orçamentos em análise técnica",O25="22 - Instalação/substituição autorizada")),MAX($AC$1:$AC$24)+1,"") | AD25: =IF(AND(B25<>"",OR(ISNUMBER(SEARCH("CTO",P25)),LEFT(O25,2)="22",LEFT(O25,2)="23",LEFT(O25,2)="24",LEFT(O25,2)="25",LEFT(O25,2)="26",LEFT(O25,2)="27")),MAX($AD$1:$AD$24)+1,"") -> 10 | AE25: =IF(AND(B25<>"",D25=CONSULTA_UNIDADE!$B$4),MAX($AE$1:$AE$24)+1,"") | AF25: =IF(AND(B25<>"",O25<>"27 - Instalação concluída",O25<>"28 - Encerrado",ISNUMBER(S25)),S25*1000+(1000-ROW()),"") | AG25: =IF(AF25="","",RANK(AF25,$AF$2:$AF$500))
B26: GOP-AR-2026-0025 | C26: =IF(D26="","",IFERROR(INDEX(CADASTRO_VIVO_3CRE!$B$2:$B$150,MATCH(D26,CADASTRO_VIVO_3CRE!$E$2:$E$150,0)),"")) -> 313055 | D26: Escola Especial Municipal Doutor Ulisses Pernambucano | E26: sala de leitura | F26: Substituição/Instalação de Aparelho | N26: Não apta | O26: 09 - Aguardando orçamentos da unidade | P26: Unidade Escolar / GIN | Q26: Cobrar/receber orçamentos e conferir se contemplam o escopo técnico. | R26: 46168 | S26: =IF(R26="","",TODAY()-INT(R26)) -> 3 | T26: Pendente de Vistoria | U26: Média | V26: Status original: Aguardando orçamentos para adequação | Registro GOP: Busacando orçamentos | W26: 46149 | X26: =IF(W26="","",IF(OR(O26="28 - Encerrado",O26="27 - Instalação concluída"),"Concluído",TODAY()-INT(W26))) -> 22 | Y26: =IF(OR(O26="28 - Encerrado",O26="27 - Instalação concluída"),"OK",IF(AND(B26<>"",S26=""),"ATENÇÃO (Sem data de atualização)",IF(S26="","",IF(S26>30,"CRÍTICO (Sem Atualização >30 dias)",IF(S26>15,"ATENÇÃO (Sem Atualização >15 dias)",IF(X26>90,"CRÍTICO (Aberto >90 dias)","OK")))))) -> OK | Z26: =IF(B26="","",IF(OR(O26="27 - Instalação concluída",O26="28 - Encerrado"),"OK",IF(NOT(ISNUMBER(X26)),"",IF(X26>365,"MUITO ANTIGO (>1 ano)",IF(X26>180,"ANTIGO (>6 meses)",IF(X26>90,"ATENÇÃO ANTIG. (>3 meses)","OK")))))) -> OK | AB26: =IF(AND(B26<>"",OR(T26="Pendente de Vistoria",T26="Não validada")),MAX($AB$1:$AB$25)+1,"") -> 17 | AC26: =IF(AND(B26<>"",OR(ISNUMBER(SEARCH("CTIN",P26)),U26="Alta",O26="07 - Relatório recebido — unidade apta",O26="11 - Orçamentos em análise técnica",O26="22 - Instalação/substituição autorizada")),MAX($AC$1:$AC$25)+1,"") | AD26: =IF(AND(B26<>"",OR(ISNUMBER(SEARCH("CTO",P26)),LEFT(O26,2)="22",LEFT(O26,2)="23",LEFT(O26,2)="24",LEFT(O26,2)="25",LEFT(O26,2)="26",LEFT(O26,2)="27")),MAX($AD$1:$AD$25)+1,"") | AE26: =IF(AND(B26<>"",D26=CONSULTA_UNIDADE!$B$4),MAX($AE$1:$AE$25)+1,"") | AF26: =IF(AND(B26<>"",O26<>"27 - Instalação concluída",O26<>"28 - Encerrado",ISNUMBER(S26)),S26*1000+(1000-ROW()),"") -> 3974 | AG26: =IF(AF26="","",RANK(AF26,$AF$2:$AF$500)) -> 12
B27: GOP-AR-2026-0026 | C27: =IF(D27="","",IFERROR(INDEX(CADASTRO_VIVO_3CRE!$B$2:$B$150,MATCH(D27,CADASTRO_VIVO_3CRE!$E$2:$E$150,0)),"")) -> 330601 | D27: Creche Municipal José de Vieira da Silva | E27: refeitório | F27: Substituição/Instalação de Aparelho | G27: Split | K27: 3 | N27: Não apta | O27: 09 - Aguardando orçamentos da unidade | P27: Unidade Escolar / GIN | Q27: Cobrar/receber orçamentos e conferir se contemplam o escopo técnico. | R27: 46164 | S27: =IF(R27="","",TODAY()-INT(R27)) -> 7 | T27: Pendente de Vistoria | U27: Média | V27: Status original: Aguardando orçamentos para adequação | Registro GOP: Climatização do refeitório com 03 splits 24 mil que se encontram na unidade. | W27: 46148 | X27: =IF(W27="","",IF(OR(O27="28 - Encerrado",O27="27 - Instalação concluída"),"Concluído",TODAY()-INT(W27))) -> 23 | Y27: =IF(OR(O27="28 - Encerrado",O27="27 - Instalação concluída"),"OK",IF(AND(B27<>"",S27=""),"ATENÇÃO (Sem data de atualização)",IF(S27="","",IF(S27>30,"CRÍTICO (Sem Atualização >30 dias)",IF(S27>15,"ATENÇÃO (Sem Atualização >15 dias)",IF(X27>90,"CRÍTICO (Aberto >90 dias)","OK")))))) -> OK | Z27: =IF(B27="","",IF(OR(O27="27 - Instalação concluída",O27="28 - Encerrado"),"OK",IF(NOT(ISNUMBER(X27)),"",IF(X27>365,"MUITO ANTIGO (>1 ano)",IF(X27>180,"ANTIGO (>6 meses)",IF(X27>90,"ATENÇÃO ANTIG. (>3 meses)","OK")))))) -> OK | AB27: =IF(AND(B27<>"",OR(T27="Pendente de Vistoria",T27="Não validada")),MAX($AB$1:$AB$26)+1,"") -> 18 | AC27: =IF(AND(B27<>"",OR(ISNUMBER(SEARCH("CTIN",P27)),U27="Alta",O27="07 - Relatório recebido — unidade apta",O27="11 - Orçamentos em análise técnica",O27="22 - Instalação/substituição autorizada")),MAX($AC$1:$AC$26)+1,"") | AD27: =IF(AND(B27<>"",OR(ISNUMBER(SEARCH("CTO",P27)),LEFT(O27,2)="22",LEFT(O27,2)="23",LEFT(O27,2)="24",LEFT(O27,2)="25",LEFT(O27,2)="26",LEFT(O27,2)="27")),MAX($AD$1:$AD$26)+1,"") | AE27: =IF(AND(B27<>"",D27=CONSULTA_UNIDADE!$B$4),MAX($AE$1:$AE$26)+1,"") | AF27: =IF(AND(B27<>"",O27<>"27 - Instalação concluída",O27<>"28 - Encerrado",ISNUMBER(S27)),S27*1000+(1000-ROW()),"") -> 7973 | AG27: =IF(AF27="","",RANK(AF27,$AF$2:$AF$500)) -> 7
B28: GOP-AR-2026-0027 | C28: =IF(D28="","",IFERROR(INDEX(CADASTRO_VIVO_3CRE!$B$2:$B$150,MATCH(D28,CADASTRO_VIVO_3CRE!$E$2:$E$150,0)),"")) -> 313034 | D28: Escola Municipal Hélio Smidt | E28: Colaboratório Sala de leitura | F28: Substituição/Instalação de Aparelho | G28: Split e janela | M28: 0 | N28: Apta | O28: 27 - Instalação concluída | P28: CTO | Q28: Confirmar encerramento e atualizar cadastro vivo da unidade. | R28: 46169 | S28: =IF(R28="","",TODAY()-INT(R28)) -> 2 | T28: Sim | U28: Média | V28: Aparelhos enviados em 18/05/2026 | Instalação concluída | W28: 46105 | X28: =IF(W28="","",IF(OR(O28="28 - Encerrado",O28="27 - Instalação concluída"),"Concluído",TODAY()-INT(W28))) -> Concluído | Y28: =IF(OR(O28="28 - Encerrado",O28="27 - Instalação concluída"),"OK",IF(AND(B28<>"",S28=""),"ATENÇÃO (Sem data de atualização)",IF(S28="","",IF(S28>30,"CRÍTICO (Sem Atualização >30 dias)",IF(S28>15,"ATENÇÃO (Sem Atualização >15 dias)",IF(X28>90,"CRÍTICO (Aberto >90 dias)","OK")))))) -> OK | Z28: =IF(B28="","",IF(OR(O28="27 - Instalação concluída",O28="28 - Encerrado"),"OK",IF(NOT(ISNUMBER(X28)),"",IF(X28>365,"MUITO ANTIGO (>1 ano)",IF(X28>180,"ANTIGO (>6 meses)",IF(X28>90,"ATENÇÃO ANTIG. (>3 meses)","OK")))))) -> OK | AB28: =IF(AND(B28<>"",OR(T28="Pendente de Vistoria",T28="Não validada")),MAX($AB$1:$AB$27)+1,"") | AC28: =IF(AND(B28<>"",OR(ISNUMBER(SEARCH("CTIN",P28)),U28="Alta",O28="07 - Relatório recebido — unidade apta",O28="11 - Orçamentos em análise técnica",O28="22 - Instalação/substituição autorizada")),MAX($AC$1:$AC$27)+1,"") | AD28: =IF(AND(B28<>"",OR(ISNUMBER(SEARCH("CTO",P28)),LEFT(O28,2)="22",LEFT(O28,2)="23",LEFT(O28,2)="24",LEFT(O28,2)="25",LEFT(O28,2)="26",LEFT(O28,2)="27")),MAX($AD$1:$AD$27)+1,"") -> 11 | AE28: =IF(AND(B28<>"",D28=CONSULTA_UNIDADE!$B$4),MAX($AE$1:$AE$27)+1,"") | AF28: =IF(AND(B28<>"",O28<>"27 - Instalação concluída",O28<>"28 - Encerrado",ISNUMBER(S28)),S28*1000+(1000-ROW()),"") | AG28: =IF(AF28="","",RANK(AF28,$AF$2:$AF$500))
B29: GOP-AR-2026-0028 | C29: =IF(D29="","",IFERROR(INDEX(CADASTRO_VIVO_3CRE!$B$2:$B$150,MATCH(D29,CADASTRO_VIVO_3CRE!$E$2:$E$150,0)),"")) -> 312033 | D29: Escola Municipal Levy Neves | E29: A confirmar pela unidade | F29: Substituição/Instalação de Aparelho | M29: 0 | N29: Pendente | O29: 04 - Aguardando agendamento de vistoria | P29: CPS | Q29: Acompanhar agendamento de vistoria técnica pela CPS. | R29: 46168 | S29: =IF(R29="","",TODAY()-INT(R29)) -> 3 | T29: Pendente de Vistoria | U29: Média | V29: A GAD está em fase de liquidação do empenho para que os serviços possam ser iniciados. | W29: 46105 | X29: =IF(W29="","",IF(OR(O29="28 - Encerrado",O29="27 - Instalação concluída"),"Concluído",TODAY()-INT(W29))) -> 66 | Y29: =IF(OR(O29="28 - Encerrado",O29="27 - Instalação concluída"),"OK",IF(AND(B29<>"",S29=""),"ATENÇÃO (Sem data de atualização)",IF(S29="","",IF(S29>30,"CRÍTICO (Sem Atualização >30 dias)",IF(S29>15,"ATENÇÃO (Sem Atualização >15 dias)",IF(X29>90,"CRÍTICO (Aberto >90 dias)","OK")))))) -> OK | Z29: =IF(B29="","",IF(OR(O29="27 - Instalação concluída",O29="28 - Encerrado"),"OK",IF(NOT(ISNUMBER(X29)),"",IF(X29>365,"MUITO ANTIGO (>1 ano)",IF(X29>180,"ANTIGO (>6 meses)",IF(X29>90,"ATENÇÃO ANTIG. (>3 meses)","OK")))))) -> OK | AB29: =IF(AND(B29<>"",OR(T29="Pendente de Vistoria",T29="Não validada")),MAX($AB$1:$AB$28)+1,"") -> 19 | AC29: =IF(AND(B29<>"",OR(ISNUMBER(SEARCH("CTIN",P29)),U29="Alta",O29="07 - Relatório recebido — unidade apta",O29="11 - Orçamentos em análise técnica",O29="22 - Instalação/substituição autorizada")),MAX($AC$1:$AC$28)+1,"") | AD29: =IF(AND(B29<>"",OR(ISNUMBER(SEARCH("CTO",P29)),LEFT(O29,2)="22",LEFT(O29,2)="23",LEFT(O29,2)="24",LEFT(O29,2)="25",LEFT(O29,2)="26",LEFT(O29,2)="27")),MAX($AD$1:$AD$28)+1,"") | AE29: =IF(AND(B29<>"",D29=CONSULTA_UNIDADE!$B$4),MAX($AE$1:$AE$28)+1,"") | AF29: =IF(AND(B29<>"",O29<>"27 - Instalação concluída",O29<>"28 - Encerrado",ISNUMBER(S29)),S29*1000+(1000-ROW()),"") -> 3971 | AG29: =IF(AF29="","",RANK(AF29,$AF$2:$AF$500)) -> 13
C30: =IF(D30="","",IFERROR(INDEX(CADASTRO_VIVO_3CRE!$B$2:$B$150,MATCH(D30,CADASTRO_VIVO_3CRE!$E$2:$E$150,0)),"")) | S30: =IF(R30="","",TODAY()-INT(R30)) | X30: =IF(W30="","",IF(OR(O30="28 - Encerrado",O30="27 - Instalação concluída"),"Concluído",TODAY()-INT(W30))) | Y30: =IF(OR(O30="28 - Encerrado",O30="27 - Instalação concluída"),"OK",IF(AND(B30<>"",S30=""),"ATENÇÃO (Sem data de atualização)",IF(S30="","",IF(S30>30,"CRÍTICO (Sem Atualização >30 dias)",IF(S30>15,"ATENÇÃO (Sem Atualização >15 dias)",IF(X30>90,"CRÍTICO (Aberto >90 dias)","OK")))))) | Z30: =IF(B30="","",IF(OR(O30="27 - Instalação concluída",O30="28 - Encerrado"),"OK",IF(NOT(ISNUMBER(X30)),"",IF(X30>365,"MUITO ANTIGO (>1 ano)",IF(X30>180,"ANTIGO (>6 meses)",IF(X30>90,"ATENÇÃO ANTIG. (>3 meses)","OK")))))) | AB30: =IF(AND(B30<>"",OR(T30="Pendente de Vistoria",T30="Não validada")),MAX($AB$1:$AB$29)+1,"") | AC30: =IF(AND(B30<>"",OR(ISNUMBER(SEARCH("CTIN",P30)),U30="Alta",O30="07 - Relatório recebido — unidade apta",O30="11 - Orçamentos em análise técnica",O30="22 - Instalação/substituição autorizada")),MAX($AC$1:$AC$29)+1,"") | AD30: =IF(AND(B30<>"",OR(ISNUMBER(SEARCH("CTO",P30)),LEFT(O30,2)="22",LEFT(O30,2)="23",LEFT(O30,2)="24",LEFT(O30,2)="25",LEFT(O30,2)="26",LEFT(O30,2)="27")),MAX($AD$1:$AD$29)+1,"") | AE30: =IF(AND(B30<>"",D30=CONSULTA_UNIDADE!$B$4),MAX($AE$1:$AE$29)+1,"") | AF30: =IF(AND(B30<>"",O30<>"27 - Instalação concluída",O30<>"28 - Encerrado",ISNUMBER(S30)),S30*1000+(1000-ROW()),"") | AG30: =IF(AF30="","",RANK(AF30,$AF$2:$AF$500))
C31: =IF(D31="","",IFERROR(INDEX(CADASTRO_VIVO_3CRE!$B$2:$B$150,MATCH(D31,CADASTRO_VIVO_3CRE!$E$2:$E$150,0)),"")) | S31: =IF(R31="","",TODAY()-INT(R31)) | X31: =IF(W31="","",IF(OR(O31="28 - Encerrado",O31="27 - Instalação concluída"),"Concluído",TODAY()-INT(W31))) | Y31: =IF(OR(O31="28 - Encerrado",O31="27 - Instalação concluída"),"OK",IF(AND(B31<>"",S31=""),"ATENÇÃO (Sem data de atualização)",IF(S31="","",IF(S31>30,"CRÍTICO (Sem Atualização >30 dias)",IF(S31>15,"ATENÇÃO (Sem Atualização >15 dias)",IF(X31>90,"CRÍTICO (Aberto >90 dias)","OK")))))) | Z31: =IF(B31="","",IF(OR(O31="27 - Instalação concluída",O31="28 - Encerrado"),"OK",IF(NOT(ISNUMBER(X31)),"",IF(X31>365,"MUITO ANTIGO (>1 ano)",IF(X31>180,"ANTIGO (>6 meses)",IF(X31>90,"ATENÇÃO ANTIG. (>3 meses)","OK")))))) | AB31: =IF(AND(B31<>"",OR(T31="Pendente de Vistoria",T31="Não validada")),MAX($AB$1:$AB$30)+1,"") | AC31: =IF(AND(B31<>"",OR(ISNUMBER(SEARCH("CTIN",P31)),U31="Alta",O31="07 - Relatório recebido — unidade apta",O31="11 - Orçamentos em análise técnica",O31="22 - Instalação/substituição autorizada")),MAX($AC$1:$AC$30)+1,"") | AD31: =IF(AND(B31<>"",OR(ISNUMBER(SEARCH("CTO",P31)),LEFT(O31,2)="22",LEFT(O31,2)="23",LEFT(O31,2)="24",LEFT(O31,2)="25",LEFT(O31,2)="26",LEFT(O31,2)="27")),MAX($AD$1:$AD$30)+1,"") | AE31: =IF(AND(B31<>"",D31=CONSULTA_UNIDADE!$B$4),MAX($AE$1:$AE$30)+1,"") | AF31: =IF(AND(B31<>"",O31<>"27 - Instalação concluída",O31<>"28 - Encerrado",ISNUMBER(S31)),S31*1000+(1000-ROW()),"") | AG31: =IF(AF31="","",RANK(AF31,$AF$2:$AF$500))
C32: =IF(D32="","",IFERROR(INDEX(CADASTRO_VIVO_3CRE!$B$2:$B$150,MATCH(D32,CADASTRO_VIVO_3CRE!$E$2:$E$150,0)),"")) | S32: =IF(R32="","",TODAY()-INT(R32)) | X32: =IF(W32="","",IF(OR(O32="28 - Encerrado",O32="27 - Instalação concluída"),"Concluído",TODAY()-INT(W32))) | Y32: =IF(OR(O32="28 - Encerrado",O32="27 - Instalação concluída"),"OK",IF(AND(B32<>"",S32=""),"ATENÇÃO (Sem data de atualização)",IF(S32="","",IF(S32>30,"CRÍTICO (Sem Atualização >30 dias)",IF(S32>15,"ATENÇÃO (Sem Atualização >15 dias)",IF(X32>90,"CRÍTICO (Aberto >90 dias)","OK")))))) | Z32: =IF(B32="","",IF(OR(O32="27 - Instalação concluída",O32="28 - Encerrado"),"OK",IF(NOT(ISNUMBER(X32)),"",IF(X32>365,"MUITO ANTIGO (>1 ano)",IF(X32>180,"ANTIGO (>6 meses)",IF(X32>90,"ATENÇÃO ANTIG. (>3 meses)","OK")))))) | AB32: =IF(AND(B32<>"",OR(T32="Pendente de Vistoria",T32="Não validada")),MAX($AB$1:$AB$31)+1,"") | AC32: =IF(AND(B32<>"",OR(ISNUMBER(SEARCH("CTIN",P32)),U32="Alta",O32="07 - Relatório recebido — unidade apta",O32="11 - Orçamentos em análise técnica",O32="22 - Instalação/substituição autorizada")),MAX($AC$1:$AC$31)+1,"") | AD32: =IF(AND(B32<>"",OR(ISNUMBER(SEARCH("CTO",P32)),LEFT(O32,2)="22",LEFT(O32,2)="23",LEFT(O32,2)="24",LEFT(O32,2)="25",LEFT(O32,2)="26",LEFT(O32,2)="27")),MAX($AD$1:$AD$31)+1,"") | AE32: =IF(AND(B32<>"",D32=CONSULTA_UNIDADE!$B$4),MAX($AE$1:$AE$31)+1,"") | AF32: =IF(AND(B32<>"",O32<>"27 - Instalação concluída",O32<>"28 - Encerrado",ISNUMBER(S32)),S32*1000+(1000-ROW()),"") | AG32: =IF(AF32="","",RANK(AF32,$AF$2:$AF$500))
C33: =IF(D33="","",IFERROR(INDEX(CADASTRO_VIVO_3CRE!$B$2:$B$150,MATCH(D33,CADASTRO_VIVO_3CRE!$E$2:$E$150,0)),"")) | S33: =IF(R33="","",TODAY()-INT(R33)) | X33: =IF(W33="","",IF(OR(O33="28 - Encerrado",O33="27 - Instalação concluída"),"Concluído",TODAY()-INT(W33))) | Y33: =IF(OR(O33="28 - Encerrado",O33="27 - Instalação concluída"),"OK",IF(AND(B33<>"",S33=""),"ATENÇÃO (Sem data de atualização)",IF(S33="","",IF(S33>30,"CRÍTICO (Sem Atualização >30 dias)",IF(S33>15,"ATENÇÃO (Sem Atualização >15 dias)",IF(X33>90,"CRÍTICO (Aberto >90 dias)","OK")))))) | Z33: =IF(B33="","",IF(OR(O33="27 - Instalação concluída",O33="28 - Encerrado"),"OK",IF(NOT(ISNUMBER(X33)),"",IF(X33>365,"MUITO ANTIGO (>1 ano)",IF(X33>180,"ANTIGO (>6 meses)",IF(X33>90,"ATENÇÃO ANTIG. (>3 meses)","OK")))))) | AB33: =IF(AND(B33<>"",OR(T33="Pendente de Vistoria",T33="Não validada")),MAX($AB$1:$AB$32)+1,"") | AC33: =IF(AND(B33<>"",OR(ISNUMBER(SEARCH("CTIN",P33)),U33="Alta",O33="07 - Relatório recebido — unidade apta",O33="11 - Orçamentos em análise técnica",O33="22 - Instalação/substituição autorizada")),MAX($AC$1:$AC$32)+1,"") | AD33: =IF(AND(B33<>"",OR(ISNUMBER(SEARCH("CTO",P33)),LEFT(O33,2)="22",LEFT(O33,2)="23",LEFT(O33,2)="24",LEFT(O33,2)="25",LEFT(O33,2)="26",LEFT(O33,2)="27")),MAX($AD$1:$AD$32)+1,"") | AE33: =IF(AND(B33<>"",D33=CONSULTA_UNIDADE!$B$4),MAX($AE$1:$AE$32)+1,"") | AF33: =IF(AND(B33<>"",O33<>"27 - Instalação concluída",O33<>"28 - Encerrado",ISNUMBER(S33)),S33*1000+(1000-ROW()),"") | AG33: =IF(AF33="","",RANK(AF33,$AF$2:$AF$500))
C34: =IF(D34="","",IFERROR(INDEX(CADASTRO_VIVO_3CRE!$B$2:$B$150,MATCH(D34,CADASTRO_VIVO_3CRE!$E$2:$E$150,0)),"")) | S34: =IF(R34="","",TODAY()-INT(R34)) | X34: =IF(W34="","",IF(OR(O34="28 - Encerrado",O34="27 - Instalação concluída"),"Concluído",TODAY()-INT(W34))) | Y34: =IF(OR(O34="28 - Encerrado",O34="27 - Instalação concluída"),"OK",IF(AND(B34<>"",S34=""),"ATENÇÃO (Sem data de atualização)",IF(S34="","",IF(S34>30,"CRÍTICO (Sem Atualização >30 dias)",IF(S34>15,"ATENÇÃO (Sem Atualização >15 dias)",IF(X34>90,"CRÍTICO (Aberto >90 dias)","OK")))))) | Z34: =IF(B34="","",IF(OR(O34="27 - Instalação concluída",O34="28 - Encerrado"),"OK",IF(NOT(ISNUMBER(X34)),"",IF(X34>365,"MUITO ANTIGO (>1 ano)",IF(X34>180,"ANTIGO (>6 meses)",IF(X34>90,"ATENÇÃO ANTIG. (>3 meses)","OK")))))) | AB34: =IF(AND(B34<>"",OR(T34="Pendente de Vistoria",T34="Não validada")),MAX($AB$1:$AB$33)+1,"") | AC34: =IF(AND(B34<>"",OR(ISNUMBER(SEARCH("CTIN",P34)),U34="Alta",O34="07 - Relatório recebido — unidade apta",O34="11 - Orçamentos em análise técnica",O34="22 - Instalação/substituição autorizada")),MAX($AC$1:$AC$33)+1,"") | AD34: =IF(AND(B34<>"",OR(ISNUMBER(SEARCH("CTO",P34)),LEFT(O34,2)="22",LEFT(O34,2)="23",LEFT(O34,2)="24",LEFT(O34,2)="25",LEFT(O34,2)="26",LEFT(O34,2)="27")),MAX($AD$1:$AD$33)+1,"") | AE34: =IF(AND(B34<>"",D34=CONSULTA_UNIDADE!$B$4),MAX($AE$1:$AE$33)+1,"") | AF34: =IF(AND(B34<>"",O34<>"27 - Instalação concluída",O34<>"28 - Encerrado",ISNUMBER(S34)),S34*1000+(1000-ROW()),"") | AG34: =IF(AF34="","",RANK(AF34,$AF$2:$AF$500))
C35: =IF(D35="","",IFERROR(INDEX(CADASTRO_VIVO_3CRE!$B$2:$B$150,MATCH(D35,CADASTRO_VIVO_3CRE!$E$2:$E$150,0)),"")) | S35: =IF(R35="","",TODAY()-INT(R35)) | X35: =IF(W35="","",IF(OR(O35="28 - Encerrado",O35="27 - Instalação concluída"),"Concluído",TODAY()-INT(W35))) | Y35: =IF(OR(O35="28 - Encerrado",O35="27 - Instalação concluída"),"OK",IF(AND(B35<>"",S35=""),"ATENÇÃO (Sem data de atualização)",IF(S35="","",IF(S35>30,"CRÍTICO (Sem Atualização >30 dias)",IF(S35>15,"ATENÇÃO (Sem Atualização >15 dias)",IF(X35>90,"CRÍTICO (Aberto >90 dias)","OK")))))) | Z35: =IF(B35="","",IF(OR(O35="27 - Instalação concluída",O35="28 - Encerrado"),"OK",IF(NOT(ISNUMBER(X35)),"",IF(X35>365,"MUITO ANTIGO (>1 ano)",IF(X35>180,"ANTIGO (>6 meses)",IF(X35>90,"ATENÇÃO ANTIG. (>3 meses)","OK")))))) | AB35: =IF(AND(B35<>"",OR(T35="Pendente de Vistoria",T35="Não validada")),MAX($AB$1:$AB$34)+1,"") | AC35: =IF(AND(B35<>"",OR(ISNUMBER(SEARCH("CTIN",P35)),U35="Alta",O35="07 - Relatório recebido — unidade apta",O35="11 - Orçamentos em análise técnica",O35="22 - Instalação/substituição autorizada")),MAX($AC$1:$AC$34)+1,"") | AD35: =IF(AND(B35<>"",OR(ISNUMBER(SEARCH("CTO",P35)),LEFT(O35,2)="22",LEFT(O35,2)="23",LEFT(O35,2)="24",LEFT(O35,2)="25",LEFT(O35,2)="26",LEFT(O35,2)="27")),MAX($AD$1:$AD$34)+1,"") | AE35: =IF(AND(B35<>"",D35=CONSULTA_UNIDADE!$B$4),MAX($AE$1:$AE$34)+1,"") | AF35: =IF(AND(B35<>"",O35<>"27 - Instalação concluída",O35<>"28 - Encerrado",ISNUMBER(S35)),S35*1000+(1000-ROW()),"") | AG35: =IF(AF35="","",RANK(AF35,$AF$2:$AF$500))
C36: =IF(D36="","",IFERROR(INDEX(CADASTRO_VIVO_3CRE!$B$2:$B$150,MATCH(D36,CADASTRO_VIVO_3CRE!$E$2:$E$150,0)),"")) | S36: =IF(R36="","",TODAY()-INT(R36)) | X36: =IF(W36="","",IF(OR(O36="28 - Encerrado",O36="27 - Instalação concluída"),"Concluído",TODAY()-INT(W36))) | Y36: =IF(OR(O36="28 - Encerrado",O36="27 - Instalação concluída"),"OK",IF(AND(B36<>"",S36=""),"ATENÇÃO (Sem data de atualização)",IF(S36="","",IF(S36>30,"CRÍTICO (Sem Atualização >30 dias)",IF(S36>15,"ATENÇÃO (Sem Atualização >15 dias)",IF(X36>90,"CRÍTICO (Aberto >90 dias)","OK")))))) | Z36: =IF(B36="","",IF(OR(O36="27 - Instalação concluída",O36="28 - Encerrado"),"OK",IF(NOT(ISNUMBER(X36)),"",IF(X36>365,"MUITO ANTIGO (>1 ano)",IF(X36>180,"ANTIGO (>6 meses)",IF(X36>90,"ATENÇÃO ANTIG. (>3 meses)","OK")))))) | AB36: =IF(AND(B36<>"",OR(T36="Pendente de Vistoria",T36="Não validada")),MAX($AB$1:$AB$35)+1,"") | AC36: =IF(AND(B36<>"",OR(ISNUMBER(SEARCH("CTIN",P36)),U36="Alta",O36="07 - Relatório recebido — unidade apta",O36="11 - Orçamentos em análise técnica",O36="22 - Instalação/substituição autorizada")),MAX($AC$1:$AC$35)+1,"") | AD36: =IF(AND(B36<>"",OR(ISNUMBER(SEARCH("CTO",P36)),LEFT(O36,2)="22",LEFT(O36,2)="23",LEFT(O36,2)="24",LEFT(O36,2)="25",LEFT(O36,2)="26",LEFT(O36,2)="27")),MAX($AD$1:$AD$35)+1,"") | AE36: =IF(AND(B36<>"",D36=CONSULTA_UNIDADE!$B$4),MAX($AE$1:$AE$35)+1,"") | AF36: =IF(AND(B36<>"",O36<>"27 - Instalação concluída",O36<>"28 - Encerrado",ISNUMBER(S36)),S36*1000+(1000-ROW()),"") | AG36: =IF(AF36="","",RANK(AF36,$AF$2:$AF$500))
C37: =IF(D37="","",IFERROR(INDEX(CADASTRO_VIVO_3CRE!$B$2:$B$150,MATCH(D37,CADASTRO_VIVO_3CRE!$E$2:$E$150,0)),"")) | S37: =IF(R37="","",TODAY()-INT(R37)) | X37: =IF(W37="","",IF(OR(O37="28 - Encerrado",O37="27 - Instalação concluída"),"Concluído",TODAY()-INT(W37))) | Y37: =IF(OR(O37="28 - Encerrado",O37="27 - Instalação concluída"),"OK",IF(AND(B37<>"",S37=""),"ATENÇÃO (Sem data de atualização)",IF(S37="","",IF(S37>30,"CRÍTICO (Sem Atualização >30 dias)",IF(S37>15,"ATENÇÃO (Sem Atualização >15 dias)",IF(X37>90,"CRÍTICO (Aberto >90 dias)","OK")))))) | Z37: =IF(B37="","",IF(OR(O37="27 - Instalação concluída",O37="28 - Encerrado"),"OK",IF(NOT(ISNUMBER(X37)),"",IF(X37>365,"MUITO ANTIGO (>1 ano)",IF(X37>180,"ANTIGO (>6 meses)",IF(X37>90,"ATENÇÃO ANTIG. (>3 meses)","OK")))))) | AB37: =IF(AND(B37<>"",OR(T37="Pendente de Vistoria",T37="Não validada")),MAX($AB$1:$AB$36)+1,"") | AC37: =IF(AND(B37<>"",OR(ISNUMBER(SEARCH("CTIN",P37)),U37="Alta",O37="07 - Relatório recebido — unidade apta",O37="11 - Orçamentos em análise técnica",O37="22 - Instalação/substituição autorizada")),MAX($AC$1:$AC$36)+1,"") | AD37: =IF(AND(B37<>"",OR(ISNUMBER(SEARCH("CTO",P37)),LEFT(O37,2)="22",LEFT(O37,2)="23",LEFT(O37,2)="24",LEFT(O37,2)="25",LEFT(O37,2)="26",LEFT(O37,2)="27")),MAX($AD$1:$AD$36)+1,"") | AE37: =IF(AND(B37<>"",D37=CONSULTA_UNIDADE!$B$4),MAX($AE$1:$AE$36)+1,"") | AF37: =IF(AND(B37<>"",O37<>"27 - Instalação concluída",O37<>"28 - Encerrado",ISNUMBER(S37)),S37*1000+(1000-ROW()),"") | AG37: =IF(AF37="","",RANK(AF37,$AF$2:$AF$500))
C38: =IF(D38="","",IFERROR(INDEX(CADASTRO_VIVO_3CRE!$B$2:$B$150,MATCH(D38,CADASTRO_VIVO_3CRE!$E$2:$E$150,0)),"")) | S38: =IF(R38="","",TODAY()-INT(R38)) | X38: =IF(W38="","",IF(OR(O38="28 - Encerrado",O38="27 - Instalação concluída"),"Concluído",TODAY()-INT(W38))) | Y38: =IF(OR(O38="28 - Encerrado",O38="27 - Instalação concluída"),"OK",IF(AND(B38<>"",S38=""),"ATENÇÃO (Sem data de atualização)",IF(S38="","",IF(S38>30,"CRÍTICO (Sem Atualização >30 dias)",IF(S38>15,"ATENÇÃO (Sem Atualização >15 dias)",IF(X38>90,"CRÍTICO (Aberto >90 dias)","OK")))))) | Z38: =IF(B38="","",IF(OR(O38="27 - Instalação concluída",O38="28 - Encerrado"),"OK",IF(NOT(ISNUMBER(X38)),"",IF(X38>365,"MUITO ANTIGO (>1 ano)",IF(X38>180,"ANTIGO (>6 meses)",IF(X38>90,"ATENÇÃO ANTIG. (>3 meses)","OK")))))) | AB38: =IF(AND(B38<>"",OR(T38="Pendente de Vistoria",T38="Não validada")),MAX($AB$1:$AB$37)+1,"") | AC38: =IF(AND(B38<>"",OR(ISNUMBER(SEARCH("CTIN",P38)),U38="Alta",O38="07 - Relatório recebido — unidade apta",O38="11 - Orçamentos em análise técnica",O38="22 - Instalação/substituição autorizada")),MAX($AC$1:$AC$37)+1,"") | AD38: =IF(AND(B38<>"",OR(ISNUMBER(SEARCH("CTO",P38)),LEFT(O38,2)="22",LEFT(O38,2)="23",LEFT(O38,2)="24",LEFT(O38,2)="25",LEFT(O38,2)="26",LEFT(O38,2)="27")),MAX($AD$1:$AD$37)+1,"") | AE38: =IF(AND(B38<>"",D38=CONSULTA_UNIDADE!$B$4),MAX($AE$1:$AE$37)+1,"") | AF38: =IF(AND(B38<>"",O38<>"27 - Instalação concluída",O38<>"28 - Encerrado",ISNUMBER(S38)),S38*1000+(1000-ROW()),"") | AG38: =IF(AF38="","",RANK(AF38,$AF$2:$AF$500))
C39: =IF(D39="","",IFERROR(INDEX(CADASTRO_VIVO_3CRE!$B$2:$B$150,MATCH(D39,CADASTRO_VIVO_3CRE!$E$2:$E$150,0)),"")) | S39: =IF(R39="","",TODAY()-INT(R39)) | X39: =IF(W39="","",IF(OR(O39="28 - Encerrado",O39="27 - Instalação concluída"),"Concluído",TODAY()-INT(W39))) | Y39: =IF(OR(O39="28 - Encerrado",O39="27 - Instalação concluída"),"OK",IF(AND(B39<>"",S39=""),"ATENÇÃO (Sem data de atualização)",IF(S39="","",IF(S39>30,"CRÍTICO (Sem Atualização >30 dias)",IF(S39>15,"ATENÇÃO (Sem Atualização >15 dias)",IF(X39>90,"CRÍTICO (Aberto >90 dias)","OK")))))) | Z39: =IF(B39="","",IF(OR(O39="27 - Instalação concluída",O39="28 - Encerrado"),"OK",IF(NOT(ISNUMBER(X39)),"",IF(X39>365,"MUITO ANTIGO (>1 ano)",IF(X39>180,"ANTIGO (>6 meses)",IF(X39>90,"ATENÇÃO ANTIG. (>3 meses)","OK")))))) | AB39: =IF(AND(B39<>"",OR(T39="Pendente de Vistoria",T39="Não validada")),MAX($AB$1:$AB$38)+1,"") | AC39: =IF(AND(B39<>"",OR(ISNUMBER(SEARCH("CTIN",P39)),U39="Alta",O39="07 - Relatório recebido — unidade apta",O39="11 - Orçamentos em análise técnica",O39="22 - Instalação/substituição autorizada")),MAX($AC$1:$AC$38)+1,"") | AD39: =IF(AND(B39<>"",OR(ISNUMBER(SEARCH("CTO",P39)),LEFT(O39,2)="22",LEFT(O39,2)="23",LEFT(O39,2)="24",LEFT(O39,2)="25",LEFT(O39,2)="26",LEFT(O39,2)="27")),MAX($AD$1:$AD$38)+1,"") | AE39: =IF(AND(B39<>"",D39=CONSULTA_UNIDADE!$B$4),MAX($AE$1:$AE$38)+1,"") | AF39: =IF(AND(B39<>"",O39<>"27 - Instalação concluída",O39<>"28 - Encerrado",ISNUMBER(S39)),S39*1000+(1000-ROW()),"") | AG39: =IF(AF39="","",RANK(AF39,$AF$2:$AF$500))
C40: =IF(D40="","",IFERROR(INDEX(CADASTRO_VIVO_3CRE!$B$2:$B$150,MATCH(D40,CADASTRO_VIVO_3CRE!$E$2:$E$150,0)),"")) | S40: =IF(R40="","",TODAY()-INT(R40)) | X40: =IF(W40="","",IF(OR(O40="28 - Encerrado",O40="27 - Instalação concluída"),"Concluído",TODAY()-INT(W40))) | Y40: =IF(OR(O40="28 - Encerrado",O40="27 - Instalação concluída"),"OK",IF(AND(B40<>"",S40=""),"ATENÇÃO (Sem data de atualização)",IF(S40="","",IF(S40>30,"CRÍTICO (Sem Atualização >30 dias)",IF(S40>15,"ATENÇÃO (Sem Atualização >15 dias)",IF(X40>90,"CRÍTICO (Aberto >90 dias)","OK")))))) | Z40: =IF(B40="","",IF(OR(O40="27 - Instalação concluída",O40="28 - Encerrado"),"OK",IF(NOT(ISNUMBER(X40)),"",IF(X40>365,"MUITO ANTIGO (>1 ano)",IF(X40>180,"ANTIGO (>6 meses)",IF(X40>90,"ATENÇÃO ANTIG. (>3 meses)","OK")))))) | AB40: =IF(AND(B40<>"",OR(T40="Pendente de Vistoria",T40="Não validada")),MAX($AB$1:$AB$39)+1,"") | AC40: =IF(AND(B40<>"",OR(ISNUMBER(SEARCH("CTIN",P40)),U40="Alta",O40="07 - Relatório recebido — unidade apta",O40="11 - Orçamentos em análise técnica",O40="22 - Instalação/substituição autorizada")),MAX($AC$1:$AC$39)+1,"") | AD40: =IF(AND(B40<>"",OR(ISNUMBER(SEARCH("CTO",P40)),LEFT(O40,2)="22",LEFT(O40,2)="23",LEFT(O40,2)="24",LEFT(O40,2)="25",LEFT(O40,2)="26",LEFT(O40,2)="27")),MAX($AD$1:$AD$39)+1,"") | AE40: =IF(AND(B40<>"",D40=CONSULTA_UNIDADE!$B$4),MAX($AE$1:$AE$39)+1,"") | AF40: =IF(AND(B40<>"",O40<>"27 - Instalação concluída",O40<>"28 - Encerrado",ISNUMBER(S40)),S40*1000+(1000-ROW()),"") | AG40: =IF(AF40="","",RANK(AF40,$AF$2:$AF$500))
C41: =IF(D41="","",IFERROR(INDEX(CADASTRO_VIVO_3CRE!$B$2:$B$150,MATCH(D41,CADASTRO_VIVO_3CRE!$E$2:$E$150,0)),"")) | S41: =IF(R41="","",TODAY()-INT(R41)) | X41: =IF(W41="","",IF(OR(O41="28 - Encerrado",O41="27 - Instalação concluída"),"Concluído",TODAY()-INT(W41))) | Y41: =IF(OR(O41="28 - Encerrado",O41="27 - Instalação concluída"),"OK",IF(AND(B41<>"",S41=""),"ATENÇÃO (Sem data de atualização)",IF(S41="","",IF(S41>30,"CRÍTICO (Sem Atualização >30 dias)",IF(S41>15,"ATENÇÃO (Sem Atualização >15 dias)",IF(X41>90,"CRÍTICO (Aberto >90 dias)","OK")))))) | Z41: =IF(B41="","",IF(OR(O41="27 - Instalação concluída",O41="28 - Encerrado"),"OK",IF(NOT(ISNUMBER(X41)),"",IF(X41>365,"MUITO ANTIGO (>1 ano)",IF(X41>180,"ANTIGO (>6 meses)",IF(X41>90,"ATENÇÃO ANTIG. (>3 meses)","OK")))))) | AB41: =IF(AND(B41<>"",OR(T41="Pendente de Vistoria",T41="Não validada")),MAX($AB$1:$AB$40)+1,"") | AC41: =IF(AND(B41<>"",OR(ISNUMBER(SEARCH("CTIN",P41)),U41="Alta",O41="07 - Relatório recebido — unidade apta",O41="11 - Orçamentos em análise técnica",O41="22 - Instalação/substituição autorizada")),MAX($AC$1:$AC$40)+1,"") | AD41: =IF(AND(B41<>"",OR(ISNUMBER(SEARCH("CTO",P41)),LEFT(O41,2)="22",LEFT(O41,2)="23",LEFT(O41,2)="24",LEFT(O41,2)="25",LEFT(O41,2)="26",LEFT(O41,2)="27")),MAX($AD$1:$AD$40)+1,"") | AE41: =IF(AND(B41<>"",D41=CONSULTA_UNIDADE!$B$4),MAX($AE$1:$AE$40)+1,"") | AF41: =IF(AND(B41<>"",O41<>"27 - Instalação concluída",O41<>"28 - Encerrado",ISNUMBER(S41)),S41*1000+(1000-ROW()),"") | AG41: =IF(AF41="","",RANK(AF41,$AF$2:$AF$500))
C42: =IF(D42="","",IFERROR(INDEX(CADASTRO_VIVO_3CRE!$B$2:$B$150,MATCH(D42,CADASTRO_VIVO_3CRE!$E$2:$E$150,0)),"")) | S42: =IF(R42="","",TODAY()-INT(R42)) | X42: =IF(W42="","",IF(OR(O42="28 - Encerrado",O42="27 - Instalação concluída"),"Concluído",TODAY()-INT(W42))) | Y42: =IF(OR(O42="28 - Encerrado",O42="27 - Instalação concluída"),"OK",IF(AND(B42<>"",S42=""),"ATENÇÃO (Sem data de atualização)",IF(S42="","",IF(S42>30,"CRÍTICO (Sem Atualização >30 dias)",IF(S42>15,"ATENÇÃO (Sem Atualização >15 dias)",IF(X42>90,"CRÍTICO (Aberto >90 dias)","OK")))))) | Z42: =IF(B42="","",IF(OR(O42="27 - Instalação concluída",O42="28 - Encerrado"),"OK",IF(NOT(ISNUMBER(X42)),"",IF(X42>365,"MUITO ANTIGO (>1 ano)",IF(X42>180,"ANTIGO (>6 meses)",IF(X42>90,"ATENÇÃO ANTIG. (>3 meses)","OK")))))) | AB42: =IF(AND(B42<>"",OR(T42="Pendente de Vistoria",T42="Não validada")),MAX($AB$1:$AB$41)+1,"") | AC42: =IF(AND(B42<>"",OR(ISNUMBER(SEARCH("CTIN",P42)),U42="Alta",O42="07 - Relatório recebido — unidade apta",O42="11 - Orçamentos em análise técnica",O42="22 - Instalação/substituição autorizada")),MAX($AC$1:$AC$41)+1,"") | AD42: =IF(AND(B42<>"",OR(ISNUMBER(SEARCH("CTO",P42)),LEFT(O42,2)="22",LEFT(O42,2)="23",LEFT(O42,2)="24",LEFT(O42,2)="25",LEFT(O42,2)="26",LEFT(O42,2)="27")),MAX($AD$1:$AD$41)+1,"") | AE42: =IF(AND(B42<>"",D42=CONSULTA_UNIDADE!$B$4),MAX($AE$1:$AE$41)+1,"") | AF42: =IF(AND(B42<>"",O42<>"27 - Instalação concluída",O42<>"28 - Encerrado",ISNUMBER(S42)),S42*1000+(1000-ROW()),"") | AG42: =IF(AF42="","",RANK(AF42,$AF$2:$AF$500))
C43: =IF(D43="","",IFERROR(INDEX(CADASTRO_VIVO_3CRE!$B$2:$B$150,MATCH(D43,CADASTRO_VIVO_3CRE!$E$2:$E$150,0)),"")) | S43: =IF(R43="","",TODAY()-INT(R43)) | X43: =IF(W43="","",IF(OR(O43="28 - Encerrado",O43="27 - Instalação concluída"),"Concluído",TODAY()-INT(W43))) | Y43: =IF(OR(O43="28 - Encerrado",O43="27 - Instalação concluída"),"OK",IF(AND(B43<>"",S43=""),"ATENÇÃO (Sem data de atualização)",IF(S43="","",IF(S43>30,"CRÍTICO (Sem Atualização >30 dias)",IF(S43>15,"ATENÇÃO (Sem Atualização >15 dias)",IF(X43>90,"CRÍTICO (Aberto >90 dias)","OK")))))) | Z43: =IF(B43="","",IF(OR(O43="27 - Instalação concluída",O43="28 - Encerrado"),"OK",IF(NOT(ISNUMBER(X43)),"",IF(X43>365,"MUITO ANTIGO (>1 ano)",IF(X43>180,"ANTIGO (>6 meses)",IF(X43>90,"ATENÇÃO ANTIG. (>3 meses)","OK")))))) | AB43: =IF(AND(B43<>"",OR(T43="Pendente de Vistoria",T43="Não validada")),MAX($AB$1:$AB$42)+1,"") | AC43: =IF(AND(B43<>"",OR(ISNUMBER(SEARCH("CTIN",P43)),U43="Alta",O43="07 - Relatório recebido — unidade apta",O43="11 - Orçamentos em análise técnica",O43="22 - Instalação/substituição autorizada")),MAX($AC$1:$AC$42)+1,"") | AD43: =IF(AND(B43<>"",OR(ISNUMBER(SEARCH("CTO",P43)),LEFT(O43,2)="22",LEFT(O43,2)="23",LEFT(O43,2)="24",LEFT(O43,2)="25",LEFT(O43,2)="26",LEFT(O43,2)="27")),MAX($AD$1:$AD$42)+1,"") | AE43: =IF(AND(B43<>"",D43=CONSULTA_UNIDADE!$B$4),MAX($AE$1:$AE$42)+1,"") | AF43: =IF(AND(B43<>"",O43<>"27 - Instalação concluída",O43<>"28 - Encerrado",ISNUMBER(S43)),S43*1000+(1000-ROW()),"") | AG43: =IF(AF43="","",RANK(AF43,$AF$2:$AF$500))
C44: =IF(D44="","",IFERROR(INDEX(CADASTRO_VIVO_3CRE!$B$2:$B$150,MATCH(D44,CADASTRO_VIVO_3CRE!$E$2:$E$150,0)),"")) | S44: =IF(R44="","",TODAY()-INT(R44)) | X44: =IF(W44="","",IF(OR(O44="28 - Encerrado",O44="27 - Instalação concluída"),"Concluído",TODAY()-INT(W44))) | Y44: =IF(OR(O44="28 - Encerrado",O44="27 - Instalação concluída"),"OK",IF(AND(B44<>"",S44=""),"ATENÇÃO (Sem data de atualização)",IF(S44="","",IF(S44>30,"CRÍTICO (Sem Atualização >30 dias)",IF(S44>15,"ATENÇÃO (Sem Atualização >15 dias)",IF(X44>90,"CRÍTICO (Aberto >90 dias)","OK")))))) | Z44: =IF(B44="","",IF(OR(O44="27 - Instalação concluída",O44="28 - Encerrado"),"OK",IF(NOT(ISNUMBER(X44)),"",IF(X44>365,"MUITO ANTIGO (>1 ano)",IF(X44>180,"ANTIGO (>6 meses)",IF(X44>90,"ATENÇÃO ANTIG. (>3 meses)","OK")))))) | AB44: =IF(AND(B44<>"",OR(T44="Pendente de Vistoria",T44="Não validada")),MAX($AB$1:$AB$43)+1,"") | AC44: =IF(AND(B44<>"",OR(ISNUMBER(SEARCH("CTIN",P44)),U44="Alta",O44="07 - Relatório recebido — unidade apta",O44="11 - Orçamentos em análise técnica",O44="22 - Instalação/substituição autorizada")),MAX($AC$1:$AC$43)+1,"") | AD44: =IF(AND(B44<>"",OR(ISNUMBER(SEARCH("CTO",P44)),LEFT(O44,2)="22",LEFT(O44,2)="23",LEFT(O44,2)="24",LEFT(O44,2)="25",LEFT(O44,2)="26",LEFT(O44,2)="27")),MAX($AD$1:$AD$43)+1,"") | AE44: =IF(AND(B44<>"",D44=CONSULTA_UNIDADE!$B$4),MAX($AE$1:$AE$43)+1,"") | AF44: =IF(AND(B44<>"",O44<>"27 - Instalação concluída",O44<>"28 - Encerrado",ISNUMBER(S44)),S44*1000+(1000-ROW()),"") | AG44: =IF(AF44="","",RANK(AF44,$AF$2:$AF$500))
C45: =IF(D45="","",IFERROR(INDEX(CADASTRO_VIVO_3CRE!$B$2:$B$150,MATCH(D45,CADASTRO_VIVO_3CRE!$E$2:$E$150,0)),"")) | S45: =IF(R45="","",TODAY()-INT(R45)) | X45: =IF(W45="","",IF(OR(O45="28 - Encerrado",O45="27 - Instalação concluída"),"Concluído",TODAY()-INT(W45))) | Y45: =IF(OR(O45="28 - Encerrado",O45="27 - Instalação concluída"),"OK",IF(AND(B45<>"",S45=""),"ATENÇÃO (Sem data de atualização)",IF(S45="","",IF(S45>30,"CRÍTICO (Sem Atualização >30 dias)",IF(S45>15,"ATENÇÃO (Sem Atualização >15 dias)",IF(X45>90,"CRÍTICO (Aberto >90 dias)","OK")))))) | Z45: =IF(B45="","",IF(OR(O45="27 - Instalação concluída",O45="28 - Encerrado"),"OK",IF(NOT(ISNUMBER(X45)),"",IF(X45>365,"MUITO ANTIGO (>1 ano)",IF(X45>180,"ANTIGO (>6 meses)",IF(X45>90,"ATENÇÃO ANTIG. (>3 meses)","OK")))))) | AB45: =IF(AND(B45<>"",OR(T45="Pendente de Vistoria",T45="Não validada")),MAX($AB$1:$AB$44)+1,"") | AC45: =IF(AND(B45<>"",OR(ISNUMBER(SEARCH("CTIN",P45)),U45="Alta",O45="07 - Relatório recebido — unidade apta",O45="11 - Orçamentos em análise técnica",O45="22 - Instalação/substituição autorizada")),MAX($AC$1:$AC$44)+1,"") | AD45: =IF(AND(B45<>"",OR(ISNUMBER(SEARCH("CTO",P45)),LEFT(O45,2)="22",LEFT(O45,2)="23",LEFT(O45,2)="24",LEFT(O45,2)="25",LEFT(O45,2)="26",LEFT(O45,2)="27")),MAX($AD$1:$AD$44)+1,"") | AE45: =IF(AND(B45<>"",D45=CONSULTA_UNIDADE!$B$4),MAX($AE$1:$AE$44)+1,"") | AF45: =IF(AND(B45<>"",O45<>"27 - Instalação concluída",O45<>"28 - Encerrado",ISNUMBER(S45)),S45*1000+(1000-ROW()),"") | AG45: =IF(AF45="","",RANK(AF45,$AF$2:$AF$500))
C46: =IF(D46="","",IFERROR(INDEX(CADASTRO_VIVO_3CRE!$B$2:$B$150,MATCH(D46,CADASTRO_VIVO_3CRE!$E$2:$E$150,0)),"")) | S46: =IF(R46="","",TODAY()-INT(R46)) | X46: =IF(W46="","",IF(OR(O46="28 - Encerrado",O46="27 - Instalação concluída"),"Concluído",TODAY()-INT(W46))) | Y46: =IF(OR(O46="28 - Encerrado",O46="27 - Instalação concluída"),"OK",IF(AND(B46<>"",S46=""),"ATENÇÃO (Sem data de atualização)",IF(S46="","",IF(S46>30,"CRÍTICO (Sem Atualização >30 dias)",IF(S46>15,"ATENÇÃO (Sem Atualização >15 dias)",IF(X46>90,"CRÍTICO (Aberto >90 dias)","OK")))))) | Z46: =IF(B46="","",IF(OR(O46="27 - Instalação concluída",O46="28 - Encerrado"),"OK",IF(NOT(ISNUMBER(X46)),"",IF(X46>365,"MUITO ANTIGO (>1 ano)",IF(X46>180,"ANTIGO (>6 meses)",IF(X46>90,"ATENÇÃO ANTIG. (>3 meses)","OK")))))) | AB46: =IF(AND(B46<>"",OR(T46="Pendente de Vistoria",T46="Não validada")),MAX($AB$1:$AB$45)+1,"") | AC46: =IF(AND(B46<>"",OR(ISNUMBER(SEARCH("CTIN",P46)),U46="Alta",O46="07 - Relatório recebido — unidade apta",O46="11 - Orçamentos em análise técnica",O46="22 - Instalação/substituição autorizada")),MAX($AC$1:$AC$45)+1,"") | AD46: =IF(AND(B46<>"",OR(ISNUMBER(SEARCH("CTO",P46)),LEFT(O46,2)="22",LEFT(O46,2)="23",LEFT(O46,2)="24",LEFT(O46,2)="25",LEFT(O46,2)="26",LEFT(O46,2)="27")),MAX($AD$1:$AD$45)+1,"") | AE46: =IF(AND(B46<>"",D46=CONSULTA_UNIDADE!$B$4),MAX($AE$1:$AE$45)+1,"") | AF46: =IF(AND(B46<>"",O46<>"27 - Instalação concluída",O46<>"28 - Encerrado",ISNUMBER(S46)),S46*1000+(1000-ROW()),"") | AG46: =IF(AF46="","",RANK(AF46,$AF$2:$AF$500))
C47: =IF(D47="","",IFERROR(INDEX(CADASTRO_VIVO_3CRE!$B$2:$B$150,MATCH(D47,CADASTRO_VIVO_3CRE!$E$2:$E$150,0)),"")) | S47: =IF(R47="","",TODAY()-INT(R47)) | X47: =IF(W47="","",IF(OR(O47="28 - Encerrado",O47="27 - Instalação concluída"),"Concluído",TODAY()-INT(W47))) | Y47: =IF(OR(O47="28 - Encerrado",O47="27 - Instalação concluída"),"OK",IF(AND(B47<>"",S47=""),"ATENÇÃO (Sem data de atualização)",IF(S47="","",IF(S47>30,"CRÍTICO (Sem Atualização >30 dias)",IF(S47>15,"ATENÇÃO (Sem Atualização >15 dias)",IF(X47>90,"CRÍTICO (Aberto >90 dias)","OK")))))) | Z47: =IF(B47="","",IF(OR(O47="27 - Instalação concluída",O47="28 - Encerrado"),"OK",IF(NOT(ISNUMBER(X47)),"",IF(X47>365,"MUITO ANTIGO (>1 ano)",IF(X47>180,"ANTIGO (>6 meses)",IF(X47>90,"ATENÇÃO ANTIG. (>3 meses)","OK")))))) | AB47: =IF(AND(B47<>"",OR(T47="Pendente de Vistoria",T47="Não validada")),MAX($AB$1:$AB$46)+1,"") | AC47: =IF(AND(B47<>"",OR(ISNUMBER(SEARCH("CTIN",P47)),U47="Alta",O47="07 - Relatório recebido — unidade apta",O47="11 - Orçamentos em análise técnica",O47="22 - Instalação/substituição autorizada")),MAX($AC$1:$AC$46)+1,"") | AD47: =IF(AND(B47<>"",OR(ISNUMBER(SEARCH("CTO",P47)),LEFT(O47,2)="22",LEFT(O47,2)="23",LEFT(O47,2)="24",LEFT(O47,2)="25",LEFT(O47,2)="26",LEFT(O47,2)="27")),MAX($AD$1:$AD$46)+1,"") | AE47: =IF(AND(B47<>"",D47=CONSULTA_UNIDADE!$B$4),MAX($AE$1:$AE$46)+1,"") | AF47: =IF(AND(B47<>"",O47<>"27 - Instalação concluída",O47<>"28 - Encerrado",ISNUMBER(S47)),S47*1000+(1000-ROW()),"") | AG47: =IF(AF47="","",RANK(AF47,$AF$2:$AF$500))
C48: =IF(D48="","",IFERROR(INDEX(CADASTRO_VIVO_3CRE!$B$2:$B$150,MATCH(D48,CADASTRO_VIVO_3CRE!$E$2:$E$150,0)),"")) | S48: =IF(R48="","",TODAY()-INT(R48)) | X48: =IF(W48="","",IF(OR(O48="28 - Encerrado",O48="27 - Instalação concluída"),"Concluído",TODAY()-INT(W48))) | Y48: =IF(OR(O48="28 - Encerrado",O48="27 - Instalação concluída"),"OK",IF(AND(B48<>"",S48=""),"ATENÇÃO (Sem data de atualização)",IF(S48="","",IF(S48>30,"CRÍTICO (Sem Atualização >30 dias)",IF(S48>15,"ATENÇÃO (Sem Atualização >15 dias)",IF(X48>90,"CRÍTICO (Aberto >90 dias)","OK")))))) | Z48: =IF(B48="","",IF(OR(O48="27 - Instalação concluída",O48="28 - Encerrado"),"OK",IF(NOT(ISNUMBER(X48)),"",IF(X48>365,"MUITO ANTIGO (>1 ano)",IF(X48>180,"ANTIGO (>6 meses)",IF(X48>90,"ATENÇÃO ANTIG. (>3 meses)","OK")))))) | AB48: =IF(AND(B48<>"",OR(T48="Pendente de Vistoria",T48="Não validada")),MAX($AB$1:$AB$47)+1,"") | AC48: =IF(AND(B48<>"",OR(ISNUMBER(SEARCH("CTIN",P48)),U48="Alta",O48="07 - Relatório recebido — unidade apta",O48="11 - Orçamentos em análise técnica",O48="22 - Instalação/substituição autorizada")),MAX($AC$1:$AC$47)+1,"") | AD48: =IF(AND(B48<>"",OR(ISNUMBER(SEARCH("CTO",P48)),LEFT(O48,2)="22",LEFT(O48,2)="23",LEFT(O48,2)="24",LEFT(O48,2)="25",LEFT(O48,2)="26",LEFT(O48,2)="27")),MAX($AD$1:$AD$47)+1,"") | AE48: =IF(AND(B48<>"",D48=CONSULTA_UNIDADE!$B$4),MAX($AE$1:$AE$47)+1,"") | AF48: =IF(AND(B48<>"",O48<>"27 - Instalação concluída",O48<>"28 - Encerrado",ISNUMBER(S48)),S48*1000+(1000-ROW()),"") | AG48: =IF(AF48="","",RANK(AF48,$AF$2:$AF$500))
C49: =IF(D49="","",IFERROR(INDEX(CADASTRO_VIVO_3CRE!$B$2:$B$150,MATCH(D49,CADASTRO_VIVO_3CRE!$E$2:$E$150,0)),"")) | S49: =IF(R49="","",TODAY()-INT(R49)) | X49: =IF(W49="","",IF(OR(O49="28 - Encerrado",O49="27 - Instalação concluída"),"Concluído",TODAY()-INT(W49))) | Y49: =IF(OR(O49="28 - Encerrado",O49="27 - Instalação concluída"),"OK",IF(AND(B49<>"",S49=""),"ATENÇÃO (Sem data de atualização)",IF(S49="","",IF(S49>30,"CRÍTICO (Sem Atualização >30 dias)",IF(S49>15,"ATENÇÃO (Sem Atualização >15 dias)",IF(X49>90,"CRÍTICO (Aberto >90 dias)","OK")))))) | Z49: =IF(B49="","",IF(OR(O49="27 - Instalação concluída",O49="28 - Encerrado"),"OK",IF(NOT(ISNUMBER(X49)),"",IF(X49>365,"MUITO ANTIGO (>1 ano)",IF(X49>180,"ANTIGO (>6 meses)",IF(X49>90,"ATENÇÃO ANTIG. (>3 meses)","OK")))))) | AB49: =IF(AND(B49<>"",OR(T49="Pendente de Vistoria",T49="Não validada")),MAX($AB$1:$AB$48)+1,"") | AC49: =IF(AND(B49<>"",OR(ISNUMBER(SEARCH("CTIN",P49)),U49="Alta",O49="07 - Relatório recebido — unidade apta",O49="11 - Orçamentos em análise técnica",O49="22 - Instalação/substituição autorizada")),MAX($AC$1:$AC$48)+1,"") | AD49: =IF(AND(B49<>"",OR(ISNUMBER(SEARCH("CTO",P49)),LEFT(O49,2)="22",LEFT(O49,2)="23",LEFT(O49,2)="24",LEFT(O49,2)="25",LEFT(O49,2)="26",LEFT(O49,2)="27")),MAX($AD$1:$AD$48)+1,"") | AE49: =IF(AND(B49<>"",D49=CONSULTA_UNIDADE!$B$4),MAX($AE$1:$AE$48)+1,"") | AF49: =IF(AND(B49<>"",O49<>"27 - Instalação concluída",O49<>"28 - Encerrado",ISNUMBER(S49)),S49*1000+(1000-ROW()),"") | AG49: =IF(AF49="","",RANK(AF49,$AF$2:$AF$500))
C50: =IF(D50="","",IFERROR(INDEX(CADASTRO_VIVO_3CRE!$B$2:$B$150,MATCH(D50,CADASTRO_VIVO_3CRE!$E$2:$E$150,0)),"")) | S50: =IF(R50="","",TODAY()-INT(R50)) | X50: =IF(W50="","",IF(OR(O50="28 - Encerrado",O50="27 - Instalação concluída"),"Concluído",TODAY()-INT(W50))) | Y50: =IF(OR(O50="28 - Encerrado",O50="27 - Instalação concluída"),"OK",IF(AND(B50<>"",S50=""),"ATENÇÃO (Sem data de atualização)",IF(S50="","",IF(S50>30,"CRÍTICO (Sem Atualização >30 dias)",IF(S50>15,"ATENÇÃO (Sem Atualização >15 dias)",IF(X50>90,"CRÍTICO (Aberto >90 dias)","OK")))))) | Z50: =IF(B50="","",IF(OR(O50="27 - Instalação concluída",O50="28 - Encerrado"),"OK",IF(NOT(ISNUMBER(X50)),"",IF(X50>365,"MUITO ANTIGO (>1 ano)",IF(X50>180,"ANTIGO (>6 meses)",IF(X50>90,"ATENÇÃO ANTIG. (>3 meses)","OK")))))) | AB50: =IF(AND(B50<>"",OR(T50="Pendente de Vistoria",T50="Não validada")),MAX($AB$1:$AB$49)+1,"") | AC50: =IF(AND(B50<>"",OR(ISNUMBER(SEARCH("CTIN",P50)),U50="Alta",O50="07 - Relatório recebido — unidade apta",O50="11 - Orçamentos em análise técnica",O50="22 - Instalação/substituição autorizada")),MAX($AC$1:$AC$49)+1,"") | AD50: =IF(AND(B50<>"",OR(ISNUMBER(SEARCH("CTO",P50)),LEFT(O50,2)="22",LEFT(O50,2)="23",LEFT(O50,2)="24",LEFT(O50,2)="25",LEFT(O50,2)="26",LEFT(O50,2)="27")),MAX($AD$1:$AD$49)+1,"") | AE50: =IF(AND(B50<>"",D50=CONSULTA_UNIDADE!$B$4),MAX($AE$1:$AE$49)+1,"") | AF50: =IF(AND(B50<>"",O50<>"27 - Instalação concluída",O50<>"28 - Encerrado",ISNUMBER(S50)),S50*1000+(1000-ROW()),"") | AG50: =IF(AF50="","",RANK(AF50,$AF$2:$AF$500))
C51: =IF(D51="","",IFERROR(INDEX(CADASTRO_VIVO_3CRE!$B$2:$B$150,MATCH(D51,CADASTRO_VIVO_3CRE!$E$2:$E$150,0)),"")) | S51: =IF(R51="","",TODAY()-INT(R51)) | X51: =IF(W51="","",IF(OR(O51="28 - Encerrado",O51="27 - Instalação concluída"),"Concluído",TODAY()-INT(W51))) | Y51: =IF(OR(O51="28 - Encerrado",O51="27 - Instalação concluída"),"OK",IF(AND(B51<>"",S51=""),"ATENÇÃO (Sem data de atualização)",IF(S51="","",IF(S51>30,"CRÍTICO (Sem Atualização >30 dias)",IF(S51>15,"ATENÇÃO (Sem Atualização >15 dias)",IF(X51>90,"CRÍTICO (Aberto >90 dias)","OK")))))) | Z51: =IF(B51="","",IF(OR(O51="27 - Instalação concluída",O51="28 - Encerrado"),"OK",IF(NOT(ISNUMBER(X51)),"",IF(X51>365,"MUITO ANTIGO (>1 ano)",IF(X51>180,"ANTIGO (>6 meses)",IF(X51>90,"ATENÇÃO ANTIG. (>3 meses)","OK")))))) | AB51: =IF(AND(B51<>"",OR(T51="Pendente de Vistoria",T51="Não validada")),MAX($AB$1:$AB$50)+1,"") | AC51: =IF(AND(B51<>"",OR(ISNUMBER(SEARCH("CTIN",P51)),U51="Alta",O51="07 - Relatório recebido — unidade apta",O51="11 - Orçamentos em análise técnica",O51="22 - Instalação/substituição autorizada")),MAX($AC$1:$AC$50)+1,"") | AD51: =IF(AND(B51<>"",OR(ISNUMBER(SEARCH("CTO",P51)),LEFT(O51,2)="22",LEFT(O51,2)="23",LEFT(O51,2)="24",LEFT(O51,2)="25",LEFT(O51,2)="26",LEFT(O51,2)="27")),MAX($AD$1:$AD$50)+1,"") | AE51: =IF(AND(B51<>"",D51=CONSULTA_UNIDADE!$B$4),MAX($AE$1:$AE$50)+1,"") | AF51: =IF(AND(B51<>"",O51<>"27 - Instalação concluída",O51<>"28 - Encerrado",ISNUMBER(S51)),S51*1000+(1000-ROW()),"") | AG51: =IF(AF51="","",RANK(AF51,$AF$2:$AF$500))
C52: =IF(D52="","",IFERROR(INDEX(CADASTRO_VIVO_3CRE!$B$2:$B$150,MATCH(D52,CADASTRO_VIVO_3CRE!$E$2:$E$150,0)),"")) | S52: =IF(R52="","",TODAY()-INT(R52)) | X52: =IF(W52="","",IF(OR(O52="28 - Encerrado",O52="27 - Instalação concluída"),"Concluído",TODAY()-INT(W52))) | Y52: =IF(OR(O52="28 - Encerrado",O52="27 - Instalação concluída"),"OK",IF(AND(B52<>"",S52=""),"ATENÇÃO (Sem data de atualização)",IF(S52="","",IF(S52>30,"CRÍTICO (Sem Atualização >30 dias)",IF(S52>15,"ATENÇÃO (Sem Atualização >15 dias)",IF(X52>90,"CRÍTICO (Aberto >90 dias)","OK")))))) | Z52: =IF(B52="","",IF(OR(O52="27 - Instalação concluída",O52="28 - Encerrado"),"OK",IF(NOT(ISNUMBER(X52)),"",IF(X52>365,"MUITO ANTIGO (>1 ano)",IF(X52>180,"ANTIGO (>6 meses)",IF(X52>90,"ATENÇÃO ANTIG. (>3 meses)","OK")))))) | AB52: =IF(AND(B52<>"",OR(T52="Pendente de Vistoria",T52="Não validada")),MAX($AB$1:$AB$51)+1,"") | AC52: =IF(AND(B52<>"",OR(ISNUMBER(SEARCH("CTIN",P52)),U52="Alta",O52="07 - Relatório recebido — unidade apta",O52="11 - Orçamentos em análise técnica",O52="22 - Instalação/substituição autorizada")),MAX($AC$1:$AC$51)+1,"") | AD52: =IF(AND(B52<>"",OR(ISNUMBER(SEARCH("CTO",P52)),LEFT(O52,2)="22",LEFT(O52,2)="23",LEFT(O52,2)="24",LEFT(O52,2)="25",LEFT(O52,2)="26",LEFT(O52,2)="27")),MAX($AD$1:$AD$51)+1,"") | AE52: =IF(AND(B52<>"",D52=CONSULTA_UNIDADE!$B$4),MAX($AE$1:$AE$51)+1,"") | AF52: =IF(AND(B52<>"",O52<>"27 - Instalação concluída",O52<>"28 - Encerrado",ISNUMBER(S52)),S52*1000+(1000-ROW()),"") | AG52: =IF(AF52="","",RANK(AF52,$AF$2:$AF$500))
C53: =IF(D53="","",IFERROR(INDEX(CADASTRO_VIVO_3CRE!$B$2:$B$150,MATCH(D53,CADASTRO_VIVO_3CRE!$E$2:$E$150,0)),"")) | S53: =IF(R53="","",TODAY()-INT(R53)) | X53: =IF(W53="","",IF(OR(O53="28 - Encerrado",O53="27 - Instalação concluída"),"Concluído",TODAY()-INT(W53))) | Y53: =IF(OR(O53="28 - Encerrado",O53="27 - Instalação concluída"),"OK",IF(AND(B53<>"",S53=""),"ATENÇÃO (Sem data de atualização)",IF(S53="","",IF(S53>30,"CRÍTICO (Sem Atualização >30 dias)",IF(S53>15,"ATENÇÃO (Sem Atualização >15 dias)",IF(X53>90,"CRÍTICO (Aberto >90 dias)","OK")))))) | Z53: =IF(B53="","",IF(OR(O53="27 - Instalação concluída",O53="28 - Encerrado"),"OK",IF(NOT(ISNUMBER(X53)),"",IF(X53>365,"MUITO ANTIGO (>1 ano)",IF(X53>180,"ANTIGO (>6 meses)",IF(X53>90,"ATENÇÃO ANTIG. (>3 meses)","OK")))))) | AB53: =IF(AND(B53<>"",OR(T53="Pendente de Vistoria",T53="Não validada")),MAX($AB$1:$AB$52)+1,"") | AC53: =IF(AND(B53<>"",OR(ISNUMBER(SEARCH("CTIN",P53)),U53="Alta",O53="07 - Relatório recebido — unidade apta",O53="11 - Orçamentos em análise técnica",O53="22 - Instalação/substituição autorizada")),MAX($AC$1:$AC$52)+1,"") | AD53: =IF(AND(B53<>"",OR(ISNUMBER(SEARCH("CTO",P53)),LEFT(O53,2)="22",LEFT(O53,2)="23",LEFT(O53,2)="24",LEFT(O53,2)="25",LEFT(O53,2)="26",LEFT(O53,2)="27")),MAX($AD$1:$AD$52)+1,"") | AE53: =IF(AND(B53<>"",D53=CONSULTA_UNIDADE!$B$4),MAX($AE$1:$AE$52)+1,"") | AF53: =IF(AND(B53<>"",O53<>"27 - Instalação concluída",O53<>"28 - Encerrado",ISNUMBER(S53)),S53*1000+(1000-ROW()),"") | AG53: =IF(AF53="","",RANK(AF53,$AF$2:$AF$500))
C54: =IF(D54="","",IFERROR(INDEX(CADASTRO_VIVO_3CRE!$B$2:$B$150,MATCH(D54,CADASTRO_VIVO_3CRE!$E$2:$E$150,0)),"")) | S54: =IF(R54="","",TODAY()-INT(R54)) | X54: =IF(W54="","",IF(OR(O54="28 - Encerrado",O54="27 - Instalação concluída"),"Concluído",TODAY()-INT(W54))) | Y54: =IF(OR(O54="28 - Encerrado",O54="27 - Instalação concluída"),"OK",IF(AND(B54<>"",S54=""),"ATENÇÃO (Sem data de atualização)",IF(S54="","",IF(S54>30,"CRÍTICO (Sem Atualização >30 dias)",IF(S54>15,"ATENÇÃO (Sem Atualização >15 dias)",IF(X54>90,"CRÍTICO (Aberto >90 dias)","OK")))))) | Z54: =IF(B54="","",IF(OR(O54="27 - Instalação concluída",O54="28 - Encerrado"),"OK",IF(NOT(ISNUMBER(X54)),"",IF(X54>365,"MUITO ANTIGO (>1 ano)",IF(X54>180,"ANTIGO (>6 meses)",IF(X54>90,"ATENÇÃO ANTIG. (>3 meses)","OK")))))) | AB54: =IF(AND(B54<>"",OR(T54="Pendente de Vistoria",T54="Não validada")),MAX($AB$1:$AB$53)+1,"") | AC54: =IF(AND(B54<>"",OR(ISNUMBER(SEARCH("CTIN",P54)),U54="Alta",O54="07 - Relatório recebido — unidade apta",O54="11 - Orçamentos em análise técnica",O54="22 - Instalação/substituição autorizada")),MAX($AC$1:$AC$53)+1,"") | AD54: =IF(AND(B54<>"",OR(ISNUMBER(SEARCH("CTO",P54)),LEFT(O54,2)="22",LEFT(O54,2)="23",LEFT(O54,2)="24",LEFT(O54,2)="25",LEFT(O54,2)="26",LEFT(O54,2)="27")),MAX($AD$1:$AD$53)+1,"") | AE54: =IF(AND(B54<>"",D54=CONSULTA_UNIDADE!$B$4),MAX($AE$1:$AE$53)+1,"") | AF54: =IF(AND(B54<>"",O54<>"27 - Instalação concluída",O54<>"28 - Encerrado",ISNUMBER(S54)),S54*1000+(1000-ROW()),"") | AG54: =IF(AF54="","",RANK(AF54,$AF$2:$AF$500))
C55: =IF(D55="","",IFERROR(INDEX(CADASTRO_VIVO_3CRE!$B$2:$B$150,MATCH(D55,CADASTRO_VIVO_3CRE!$E$2:$E$150,0)),"")) | S55: =IF(R55="","",TODAY()-INT(R55)) | X55: =IF(W55="","",IF(OR(O55="28 - Encerrado",O55="27 - Instalação concluída"),"Concluído",TODAY()-INT(W55))) | Y55: =IF(OR(O55="28 - Encerrado",O55="27 - Instalação concluída"),"OK",IF(AND(B55<>"",S55=""),"ATENÇÃO (Sem data de atualização)",IF(S55="","",IF(S55>30,"CRÍTICO (Sem Atualização >30 dias)",IF(S55>15,"ATENÇÃO (Sem Atualização >15 dias)",IF(X55>90,"CRÍTICO (Aberto >90 dias)","OK")))))) | Z55: =IF(B55="","",IF(OR(O55="27 - Instalação concluída",O55="28 - Encerrado"),"OK",IF(NOT(ISNUMBER(X55)),"",IF(X55>365,"MUITO ANTIGO (>1 ano)",IF(X55>180,"ANTIGO (>6 meses)",IF(X55>90,"ATENÇÃO ANTIG. (>3 meses)","OK")))))) | AB55: =IF(AND(B55<>"",OR(T55="Pendente de Vistoria",T55="Não validada")),MAX($AB$1:$AB$54)+1,"") | AC55: =IF(AND(B55<>"",OR(ISNUMBER(SEARCH("CTIN",P55)),U55="Alta",O55="07 - Relatório recebido — unidade apta",O55="11 - Orçamentos em análise técnica",O55="22 - Instalação/substituição autorizada")),MAX($AC$1:$AC$54)+1,"") | AD55: =IF(AND(B55<>"",OR(ISNUMBER(SEARCH("CTO",P55)),LEFT(O55,2)="22",LEFT(O55,2)="23",LEFT(O55,2)="24",LEFT(O55,2)="25",LEFT(O55,2)="26",LEFT(O55,2)="27")),MAX($AD$1:$AD$54)+1,"") | AE55: =IF(AND(B55<>"",D55=CONSULTA_UNIDADE!$B$4),MAX($AE$1:$AE$54)+1,"") | AF55: =IF(AND(B55<>"",O55<>"27 - Instalação concluída",O55<>"28 - Encerrado",ISNUMBER(S55)),S55*1000+(1000-ROW()),"") | AG55: =IF(AF55="","",RANK(AF55,$AF$2:$AF$500))
C56: =IF(D56="","",IFERROR(INDEX(CADASTRO_VIVO_3CRE!$B$2:$B$150,MATCH(D56,CADASTRO_VIVO_3CRE!$E$2:$E$150,0)),"")) | S56: =IF(R56="","",TODAY()-INT(R56)) | X56: =IF(W56="","",IF(OR(O56="28 - Encerrado",O56="27 - Instalação concluída"),"Concluído",TODAY()-INT(W56))) | Y56: =IF(OR(O56="28 - Encerrado",O56="27 - Instalação concluída"),"OK",IF(AND(B56<>"",S56=""),"ATENÇÃO (Sem data de atualização)",IF(S56="","",IF(S56>30,"CRÍTICO (Sem Atualização >30 dias)",IF(S56>15,"ATENÇÃO (Sem Atualização >15 dias)",IF(X56>90,"CRÍTICO (Aberto >90 dias)","OK")))))) | Z56: =IF(B56="","",IF(OR(O56="27 - Instalação concluída",O56="28 - Encerrado"),"OK",IF(NOT(ISNUMBER(X56)),"",IF(X56>365,"MUITO ANTIGO (>1 ano)",IF(X56>180,"ANTIGO (>6 meses)",IF(X56>90,"ATENÇÃO ANTIG. (>3 meses)","OK")))))) | AB56: =IF(AND(B56<>"",OR(T56="Pendente de Vistoria",T56="Não validada")),MAX($AB$1:$AB$55)+1,"") | AC56: =IF(AND(B56<>"",OR(ISNUMBER(SEARCH("CTIN",P56)),U56="Alta",O56="07 - Relatório recebido — unidade apta",O56="11 - Orçamentos em análise técnica",O56="22 - Instalação/substituição autorizada")),MAX($AC$1:$AC$55)+1,"") | AD56: =IF(AND(B56<>"",OR(ISNUMBER(SEARCH("CTO",P56)),LEFT(O56,2)="22",LEFT(O56,2)="23",LEFT(O56,2)="24",LEFT(O56,2)="25",LEFT(O56,2)="26",LEFT(O56,2)="27")),MAX($AD$1:$AD$55)+1,"") | AE56: =IF(AND(B56<>"",D56=CONSULTA_UNIDADE!$B$4),MAX($AE$1:$AE$55)+1,"") | AF56: =IF(AND(B56<>"",O56<>"27 - Instalação concluída",O56<>"28 - Encerrado",ISNUMBER(S56)),S56*1000+(1000-ROW()),"") | AG56: =IF(AF56="","",RANK(AF56,$AF$2:$AF$500))
C57: =IF(D57="","",IFERROR(INDEX(CADASTRO_VIVO_3CRE!$B$2:$B$150,MATCH(D57,CADASTRO_VIVO_3CRE!$E$2:$E$150,0)),"")) | S57: =IF(R57="","",TODAY()-INT(R57)) | X57: =IF(W57="","",IF(OR(O57="28 - Encerrado",O57="27 - Instalação concluída"),"Concluído",TODAY()-INT(W57))) | Y57: =IF(OR(O57="28 - Encerrado",O57="27 - Instalação concluída"),"OK",IF(AND(B57<>"",S57=""),"ATENÇÃO (Sem data de atualização)",IF(S57="","",IF(S57>30,"CRÍTICO (Sem Atualização >30 dias)",IF(S57>15,"ATENÇÃO (Sem Atualização >15 dias)",IF(X57>90,"CRÍTICO (Aberto >90 dias)","OK")))))) | Z57: =IF(B57="","",IF(OR(O57="27 - Instalação concluída",O57="28 - Encerrado"),"OK",IF(NOT(ISNUMBER(X57)),"",IF(X57>365,"MUITO ANTIGO (>1 ano)",IF(X57>180,"ANTIGO (>6 meses)",IF(X57>90,"ATENÇÃO ANTIG. (>3 meses)","OK")))))) | AB57: =IF(AND(B57<>"",OR(T57="Pendente de Vistoria",T57="Não validada")),MAX($AB$1:$AB$56)+1,"") | AC57: =IF(AND(B57<>"",OR(ISNUMBER(SEARCH("CTIN",P57)),U57="Alta",O57="07 - Relatório recebido — unidade apta",O57="11 - Orçamentos em análise técnica",O57="22 - Instalação/substituição autorizada")),MAX($AC$1:$AC$56)+1,"") | AD57: =IF(AND(B57<>"",OR(ISNUMBER(SEARCH("CTO",P57)),LEFT(O57,2)="22",LEFT(O57,2)="23",LEFT(O57,2)="24",LEFT(O57,2)="25",LEFT(O57,2)="26",LEFT(O57,2)="27")),MAX($AD$1:$AD$56)+1,"") | AE57: =IF(AND(B57<>"",D57=CONSULTA_UNIDADE!$B$4),MAX($AE$1:$AE$56)+1,"") | AF57: =IF(AND(B57<>"",O57<>"27 - Instalação concluída",O57<>"28 - Encerrado",ISNUMBER(S57)),S57*1000+(1000-ROW()),"") | AG57: =IF(AF57="","",RANK(AF57,$AF$2:$AF$500))
C58: =IF(D58="","",IFERROR(INDEX(CADASTRO_VIVO_3CRE!$B$2:$B$150,MATCH(D58,CADASTRO_VIVO_3CRE!$E$2:$E$150,0)),"")) | S58: =IF(R58="","",TODAY()-INT(R58)) | X58: =IF(W58="","",IF(OR(O58="28 - Encerrado",O58="27 - Instalação concluída"),"Concluído",TODAY()-INT(W58))) | Y58: =IF(OR(O58="28 - Encerrado",O58="27 - Instalação concluída"),"OK",IF(AND(B58<>"",S58=""),"ATENÇÃO (Sem data de atualização)",IF(S58="","",IF(S58>30,"CRÍTICO (Sem Atualização >30 dias)",IF(S58>15,"ATENÇÃO (Sem Atualização >15 dias)",IF(X58>90,"CRÍTICO (Aberto >90 dias)","OK")))))) | Z58: =IF(B58="","",IF(OR(O58="27 - Instalação concluída",O58="28 - Encerrado"),"OK",IF(NOT(ISNUMBER(X58)),"",IF(X58>365,"MUITO ANTIGO (>1 ano)",IF(X58>180,"ANTIGO (>6 meses)",IF(X58>90,"ATENÇÃO ANTIG. (>3 meses)","OK")))))) | AB58: =IF(AND(B58<>"",OR(T58="Pendente de Vistoria",T58="Não validada")),MAX($AB$1:$AB$57)+1,"") | AC58: =IF(AND(B58<>"",OR(ISNUMBER(SEARCH("CTIN",P58)),U58="Alta",O58="07 - Relatório recebido — unidade apta",O58="11 - Orçamentos em análise técnica",O58="22 - Instalação/substituição autorizada")),MAX($AC$1:$AC$57)+1,"") | AD58: =IF(AND(B58<>"",OR(ISNUMBER(SEARCH("CTO",P58)),LEFT(O58,2)="22",LEFT(O58,2)="23",LEFT(O58,2)="24",LEFT(O58,2)="25",LEFT(O58,2)="26",LEFT(O58,2)="27")),MAX($AD$1:$AD$57)+1,"") | AE58: =IF(AND(B58<>"",D58=CONSULTA_UNIDADE!$B$4),MAX($AE$1:$AE$57)+1,"") | AF58: =IF(AND(B58<>"",O58<>"27 - Instalação concluída",O58<>"28 - Encerrado",ISNUMBER(S58)),S58*1000+(1000-ROW()),"") | AG58: =IF(AF58="","",RANK(AF58,$AF$2:$AF$500))
C59: =IF(D59="","",IFERROR(INDEX(CADASTRO_VIVO_3CRE!$B$2:$B$150,MATCH(D59,CADASTRO_VIVO_3CRE!$E$2:$E$150,0)),"")) | S59: =IF(R59="","",TODAY()-INT(R59)) | X59: =IF(W59="","",IF(OR(O59="28 - Encerrado",O59="27 - Instalação concluída"),"Concluído",TODAY()-INT(W59))) | Y59: =IF(OR(O59="28 - Encerrado",O59="27 - Instalação concluída"),"OK",IF(AND(B59<>"",S59=""),"ATENÇÃO (Sem data de atualização)",IF(S59="","",IF(S59>30,"CRÍTICO (Sem Atualização >30 dias)",IF(S59>15,"ATENÇÃO (Sem Atualização >15 dias)",IF(X59>90,"CRÍTICO (Aberto >90 dias)","OK")))))) | Z59: =IF(B59="","",IF(OR(O59="27 - Instalação concluída",O59="28 - Encerrado"),"OK",IF(NOT(ISNUMBER(X59)),"",IF(X59>365,"MUITO ANTIGO (>1 ano)",IF(X59>180,"ANTIGO (>6 meses)",IF(X59>90,"ATENÇÃO ANTIG. (>3 meses)","OK")))))) | AB59: =IF(AND(B59<>"",OR(T59="Pendente de Vistoria",T59="Não validada")),MAX($AB$1:$AB$58)+1,"") | AC59: =IF(AND(B59<>"",OR(ISNUMBER(SEARCH("CTIN",P59)),U59="Alta",O59="07 - Relatório recebido — unidade apta",O59="11 - Orçamentos em análise técnica",O59="22 - Instalação/substituição autorizada")),MAX($AC$1:$AC$58)+1,"") | AD59: =IF(AND(B59<>"",OR(ISNUMBER(SEARCH("CTO",P59)),LEFT(O59,2)="22",LEFT(O59,2)="23",LEFT(O59,2)="24",LEFT(O59,2)="25",LEFT(O59,2)="26",LEFT(O59,2)="27")),MAX($AD$1:$AD$58)+1,"") | AE59: =IF(AND(B59<>"",D59=CONSULTA_UNIDADE!$B$4),MAX($AE$1:$AE$58)+1,"") | AF59: =IF(AND(B59<>"",O59<>"27 - Instalação concluída",O59<>"28 - Encerrado",ISNUMBER(S59)),S59*1000+(1000-ROW()),"") | AG59: =IF(AF59="","",RANK(AF59,$AF$2:$AF$500))
C60: =IF(D60="","",IFERROR(INDEX(CADASTRO_VIVO_3CRE!$B$2:$B$150,MATCH(D60,CADASTRO_VIVO_3CRE!$E$2:$E$150,0)),"")) | S60: =IF(R60="","",TODAY()-INT(R60)) | X60: =IF(W60="","",IF(OR(O60="28 - Encerrado",O60="27 - Instalação concluída"),"Concluído",TODAY()-INT(W60))) | Y60: =IF(OR(O60="28 - Encerrado",O60="27 - Instalação concluída"),"OK",IF(AND(B60<>"",S60=""),"ATENÇÃO (Sem data de atualização)",IF(S60="","",IF(S60>30,"CRÍTICO (Sem Atualização >30 dias)",IF(S60>15,"ATENÇÃO (Sem Atualização >15 dias)",IF(X60>90,"CRÍTICO (Aberto >90 dias)","OK")))))) | Z60: =IF(B60="","",IF(OR(O60="27 - Instalação concluída",O60="28 - Encerrado"),"OK",IF(NOT(ISNUMBER(X60)),"",IF(X60>365,"MUITO ANTIGO (>1 ano)",IF(X60>180,"ANTIGO (>6 meses)",IF(X60>90,"ATENÇÃO ANTIG. (>3 meses)","OK")))))) | AB60: =IF(AND(B60<>"",OR(T60="Pendente de Vistoria",T60="Não validada")),MAX($AB$1:$AB$59)+1,"") | AC60: =IF(AND(B60<>"",OR(ISNUMBER(SEARCH("CTIN",P60)),U60="Alta",O60="07 - Relatório recebido — unidade apta",O60="11 - Orçamentos em análise técnica",O60="22 - Instalação/substituição autorizada")),MAX($AC$1:$AC$59)+1,"") | AD60: =IF(AND(B60<>"",OR(ISNUMBER(SEARCH("CTO",P60)),LEFT(O60,2)="22",LEFT(O60,2)="23",LEFT(O60,2)="24",LEFT(O60,2)="25",LEFT(O60,2)="26",LEFT(O60,2)="27")),MAX($AD$1:$AD$59)+1,"") | AE60: =IF(AND(B60<>"",D60=CONSULTA_UNIDADE!$B$4),MAX($AE$1:$AE$59)+1,"") | AF60: =IF(AND(B60<>"",O60<>"27 - Instalação concluída",O60<>"28 - Encerrado",ISNUMBER(S60)),S60*1000+(1000-ROW()),"") | AG60: =IF(AF60="","",RANK(AF60,$AF$2:$AF$500))
C61: =IF(D61="","",IFERROR(INDEX(CADASTRO_VIVO_3CRE!$B$2:$B$150,MATCH(D61,CADASTRO_VIVO_3CRE!$E$2:$E$150,0)),"")) | S61: =IF(R61="","",TODAY()-INT(R61)) | X61: =IF(W61="","",IF(OR(O61="28 - Encerrado",O61="27 - Instalação concluída"),"Concluído",TODAY()-INT(W61))) | Y61: =IF(OR(O61="28 - Encerrado",O61="27 - Instalação concluída"),"OK",IF(AND(B61<>"",S61=""),"ATENÇÃO (Sem data de atualização)",IF(S61="","",IF(S61>30,"CRÍTICO (Sem Atualização >30 dias)",IF(S61>15,"ATENÇÃO (Sem Atualização >15 dias)",IF(X61>90,"CRÍTICO (Aberto >90 dias)","OK")))))) | Z61: =IF(B61="","",IF(OR(O61="27 - Instalação concluída",O61="28 - Encerrado"),"OK",IF(NOT(ISNUMBER(X61)),"",IF(X61>365,"MUITO ANTIGO (>1 ano)",IF(X61>180,"ANTIGO (>6 meses)",IF(X61>90,"ATENÇÃO ANTIG. (>3 meses)","OK")))))) | AB61: =IF(AND(B61<>"",OR(T61="Pendente de Vistoria",T61="Não validada")),MAX($AB$1:$AB$60)+1,"") | AC61: =IF(AND(B61<>"",OR(ISNUMBER(SEARCH("CTIN",P61)),U61="Alta",O61="07 - Relatório recebido — unidade apta",O61="11 - Orçamentos em análise técnica",O61="22 - Instalação/substituição autorizada")),MAX($AC$1:$AC$60)+1,"") | AD61: =IF(AND(B61<>"",OR(ISNUMBER(SEARCH("CTO",P61)),LEFT(O61,2)="22",LEFT(O61,2)="23",LEFT(O61,2)="24",LEFT(O61,2)="25",LEFT(O61,2)="26",LEFT(O61,2)="27")),MAX($AD$1:$AD$60)+1,"") | AE61: =IF(AND(B61<>"",D61=CONSULTA_UNIDADE!$B$4),MAX($AE$1:$AE$60)+1,"") | AF61: =IF(AND(B61<>"",O61<>"27 - Instalação concluída",O61<>"28 - Encerrado",ISNUMBER(S61)),S61*1000+(1000-ROW()),"") | AG61: =IF(AF61="","",RANK(AF61,$AF$2:$AF$500))
C62: =IF(D62="","",IFERROR(INDEX(CADASTRO_VIVO_3CRE!$B$2:$B$150,MATCH(D62,CADASTRO_VIVO_3CRE!$E$2:$E$150,0)),"")) | S62: =IF(R62="","",TODAY()-INT(R62)) | X62: =IF(W62="","",IF(OR(O62="28 - Encerrado",O62="27 - Instalação concluída"),"Concluído",TODAY()-INT(W62))) | Y62: =IF(OR(O62="28 - Encerrado",O62="27 - Instalação concluída"),"OK",IF(AND(B62<>"",S62=""),"ATENÇÃO (Sem data de atualização)",IF(S62="","",IF(S62>30,"CRÍTICO (Sem Atualização >30 dias)",IF(S62>15,"ATENÇÃO (Sem Atualização >15 dias)",IF(X62>90,"CRÍTICO (Aberto >90 dias)","OK")))))) | Z62: =IF(B62="","",IF(OR(O62="27 - Instalação concluída",O62="28 - Encerrado"),"OK",IF(NOT(ISNUMBER(X62)),"",IF(X62>365,"MUITO ANTIGO (>1 ano)",IF(X62>180,"ANTIGO (>6 meses)",IF(X62>90,"ATENÇÃO ANTIG. (>3 meses)","OK")))))) | AB62: =IF(AND(B62<>"",OR(T62="Pendente de Vistoria",T62="Não validada")),MAX($AB$1:$AB$61)+1,"") | AC62: =IF(AND(B62<>"",OR(ISNUMBER(SEARCH("CTIN",P62)),U62="Alta",O62="07 - Relatório recebido — unidade apta",O62="11 - Orçamentos em análise técnica",O62="22 - Instalação/substituição autorizada")),MAX($AC$1:$AC$61)+1,"") | AD62: =IF(AND(B62<>"",OR(ISNUMBER(SEARCH("CTO",P62)),LEFT(O62,2)="22",LEFT(O62,2)="23",LEFT(O62,2)="24",LEFT(O62,2)="25",LEFT(O62,2)="26",LEFT(O62,2)="27")),MAX($AD$1:$AD$61)+1,"") | AE62: =IF(AND(B62<>"",D62=CONSULTA_UNIDADE!$B$4),MAX($AE$1:$AE$61)+1,"") | AF62: =IF(AND(B62<>"",O62<>"27 - Instalação concluída",O62<>"28 - Encerrado",ISNUMBER(S62)),S62*1000+(1000-ROW()),"") | AG62: =IF(AF62="","",RANK(AF62,$AF$2:$AF$500))
C63: =IF(D63="","",IFERROR(INDEX(CADASTRO_VIVO_3CRE!$B$2:$B$150,MATCH(D63,CADASTRO_VIVO_3CRE!$E$2:$E$150,0)),"")) | S63: =IF(R63="","",TODAY()-INT(R63)) | X63: =IF(W63="","",IF(OR(O63="28 - Encerrado",O63="27 - Instalação concluída"),"Concluído",TODAY()-INT(W63))) | Y63: =IF(OR(O63="28 - Encerrado",O63="27 - Instalação concluída"),"OK",IF(AND(B63<>"",S63=""),"ATENÇÃO (Sem data de atualização)",IF(S63="","",IF(S63>30,"CRÍTICO (Sem Atualização >30 dias)",IF(S63>15,"ATENÇÃO (Sem Atualização >15 dias)",IF(X63>90,"CRÍTICO (Aberto >90 dias)","OK")))))) | Z63: =IF(B63="","",IF(OR(O63="27 - Instalação concluída",O63="28 - Encerrado"),"OK",IF(NOT(ISNUMBER(X63)),"",IF(X63>365,"MUITO ANTIGO (>1 ano)",IF(X63>180,"ANTIGO (>6 meses)",IF(X63>90,"ATENÇÃO ANTIG. (>3 meses)","OK")))))) | AB63: =IF(AND(B63<>"",OR(T63="Pendente de Vistoria",T63="Não validada")),MAX($AB$1:$AB$62)+1,"") | AC63: =IF(AND(B63<>"",OR(ISNUMBER(SEARCH("CTIN",P63)),U63="Alta",O63="07 - Relatório recebido — unidade apta",O63="11 - Orçamentos em análise técnica",O63="22 - Instalação/substituição autorizada")),MAX($AC$1:$AC$62)+1,"") | AD63: =IF(AND(B63<>"",OR(ISNUMBER(SEARCH("CTO",P63)),LEFT(O63,2)="22",LEFT(O63,2)="23",LEFT(O63,2)="24",LEFT(O63,2)="25",LEFT(O63,2)="26",LEFT(O63,2)="27")),MAX($AD$1:$AD$62)+1,"") | AE63: =IF(AND(B63<>"",D63=CONSULTA_UNIDADE!$B$4),MAX($AE$1:$AE$62)+1,"") | AF63: =IF(AND(B63<>"",O63<>"27 - Instalação concluída",O63<>"28 - Encerrado",ISNUMBER(S63)),S63*1000+(1000-ROW()),"") | AG63: =IF(AF63="","",RANK(AF63,$AF$2:$AF$500))
C64: =IF(D64="","",IFERROR(INDEX(CADASTRO_VIVO_3CRE!$B$2:$B$150,MATCH(D64,CADASTRO_VIVO_3CRE!$E$2:$E$150,0)),"")) | S64: =IF(R64="","",TODAY()-INT(R64)) | X64: =IF(W64="","",IF(OR(O64="28 - Encerrado",O64="27 - Instalação concluída"),"Concluído",TODAY()-INT(W64))) | Y64: =IF(OR(O64="28 - Encerrado",O64="27 - Instalação concluída"),"OK",IF(AND(B64<>"",S64=""),"ATENÇÃO (Sem data de atualização)",IF(S64="","",IF(S64>30,"CRÍTICO (Sem Atualização >30 dias)",IF(S64>15,"ATENÇÃO (Sem Atualização >15 dias)",IF(X64>90,"CRÍTICO (Aberto >90 dias)","OK")))))) | Z64: =IF(B64="","",IF(OR(O64="27 - Instalação concluída",O64="28 - Encerrado"),"OK",IF(NOT(ISNUMBER(X64)),"",IF(X64>365,"MUITO ANTIGO (>1 ano)",IF(X64>180,"ANTIGO (>6 meses)",IF(X64>90,"ATENÇÃO ANTIG. (>3 meses)","OK")))))) | AB64: =IF(AND(B64<>"",OR(T64="Pendente de Vistoria",T64="Não validada")),MAX($AB$1:$AB$63)+1,"") | AC64: =IF(AND(B64<>"",OR(ISNUMBER(SEARCH("CTIN",P64)),U64="Alta",O64="07 - Relatório recebido — unidade apta",O64="11 - Orçamentos em análise técnica",O64="22 - Instalação/substituição autorizada")),MAX($AC$1:$AC$63)+1,"") | AD64: =IF(AND(B64<>"",OR(ISNUMBER(SEARCH("CTO",P64)),LEFT(O64,2)="22",LEFT(O64,2)="23",LEFT(O64,2)="24",LEFT(O64,2)="25",LEFT(O64,2)="26",LEFT(O64,2)="27")),MAX($AD$1:$AD$63)+1,"") | AE64: =IF(AND(B64<>"",D64=CONSULTA_UNIDADE!$B$4),MAX($AE$1:$AE$63)+1,"") | AF64: =IF(AND(B64<>"",O64<>"27 - Instalação concluída",O64<>"28 - Encerrado",ISNUMBER(S64)),S64*1000+(1000-ROW()),"") | AG64: =IF(AF64="","",RANK(AF64,$AF$2:$AF$500))
C65: =IF(D65="","",IFERROR(INDEX(CADASTRO_VIVO_3CRE!$B$2:$B$150,MATCH(D65,CADASTRO_VIVO_3CRE!$E$2:$E$150,0)),"")) | S65: =IF(R65="","",TODAY()-INT(R65)) | X65: =IF(W65="","",IF(OR(O65="28 - Encerrado",O65="27 - Instalação concluída"),"Concluído",TODAY()-INT(W65))) | Y65: =IF(OR(O65="28 - Encerrado",O65="27 - Instalação concluída"),"OK",IF(AND(B65<>"",S65=""),"ATENÇÃO (Sem data de atualização)",IF(S65="","",IF(S65>30,"CRÍTICO (Sem Atualização >30 dias)",IF(S65>15,"ATENÇÃO (Sem Atualização >15 dias)",IF(X65>90,"CRÍTICO (Aberto >90 dias)","OK")))))) | Z65: =IF(B65="","",IF(OR(O65="27 - Instalação concluída",O65="28 - Encerrado"),"OK",IF(NOT(ISNUMBER(X65)),"",IF(X65>365,"MUITO ANTIGO (>1 ano)",IF(X65>180,"ANTIGO (>6 meses)",IF(X65>90,"ATENÇÃO ANTIG. (>3 meses)","OK")))))) | AB65: =IF(AND(B65<>"",OR(T65="Pendente de Vistoria",T65="Não validada")),MAX($AB$1:$AB$64)+1,"") | AC65: =IF(AND(B65<>"",OR(ISNUMBER(SEARCH("CTIN",P65)),U65="Alta",O65="07 - Relatório recebido — unidade apta",O65="11 - Orçamentos em análise técnica",O65="22 - Instalação/substituição autorizada")),MAX($AC$1:$AC$64)+1,"") | AD65: =IF(AND(B65<>"",OR(ISNUMBER(SEARCH("CTO",P65)),LEFT(O65,2)="22",LEFT(O65,2)="23",LEFT(O65,2)="24",LEFT(O65,2)="25",LEFT(O65,2)="26",LEFT(O65,2)="27")),MAX($AD$1:$AD$64)+1,"") | AE65: =IF(AND(B65<>"",D65=CONSULTA_UNIDADE!$B$4),MAX($AE$1:$AE$64)+1,"") | AF65: =IF(AND(B65<>"",O65<>"27 - Instalação concluída",O65<>"28 - Encerrado",ISNUMBER(S65)),S65*1000+(1000-ROW()),"") | AG65: =IF(AF65="","",RANK(AF65,$AF$2:$AF$500))
C66: =IF(D66="","",IFERROR(INDEX(CADASTRO_VIVO_3CRE!$B$2:$B$150,MATCH(D66,CADASTRO_VIVO_3CRE!$E$2:$E$150,0)),"")) | S66: =IF(R66="","",TODAY()-INT(R66)) | X66: =IF(W66="","",IF(OR(O66="28 - Encerrado",O66="27 - Instalação concluída"),"Concluído",TODAY()-INT(W66))) | Y66: =IF(OR(O66="28 - Encerrado",O66="27 - Instalação concluída"),"OK",IF(AND(B66<>"",S66=""),"ATENÇÃO (Sem data de atualização)",IF(S66="","",IF(S66>30,"CRÍTICO (Sem Atualização >30 dias)",IF(S66>15,"ATENÇÃO (Sem Atualização >15 dias)",IF(X66>90,"CRÍTICO (Aberto >90 dias)","OK")))))) | Z66: =IF(B66="","",IF(OR(O66="27 - Instalação concluída",O66="28 - Encerrado"),"OK",IF(NOT(ISNUMBER(X66)),"",IF(X66>365,"MUITO ANTIGO (>1 ano)",IF(X66>180,"ANTIGO (>6 meses)",IF(X66>90,"ATENÇÃO ANTIG. (>3 meses)","OK")))))) | AB66: =IF(AND(B66<>"",OR(T66="Pendente de Vistoria",T66="Não validada")),MAX($AB$1:$AB$65)+1,"") | AC66: =IF(AND(B66<>"",OR(ISNUMBER(SEARCH("CTIN",P66)),U66="Alta",O66="07 - Relatório recebido — unidade apta",O66="11 - Orçamentos em análise técnica",O66="22 - Instalação/substituição autorizada")),MAX($AC$1:$AC$65)+1,"") | AD66: =IF(AND(B66<>"",OR(ISNUMBER(SEARCH("CTO",P66)),LEFT(O66,2)="22",LEFT(O66,2)="23",LEFT(O66,2)="24",LEFT(O66,2)="25",LEFT(O66,2)="26",LEFT(O66,2)="27")),MAX($AD$1:$AD$65)+1,"") | AE66: =IF(AND(B66<>"",D66=CONSULTA_UNIDADE!$B$4),MAX($AE$1:$AE$65)+1,"") | AF66: =IF(AND(B66<>"",O66<>"27 - Instalação concluída",O66<>"28 - Encerrado",ISNUMBER(S66)),S66*1000+(1000-ROW()),"") | AG66: =IF(AF66="","",RANK(AF66,$AF$2:$AF$500))
C67: =IF(D67="","",IFERROR(INDEX(CADASTRO_VIVO_3CRE!$B$2:$B$150,MATCH(D67,CADASTRO_VIVO_3CRE!$E$2:$E$150,0)),"")) | S67: =IF(R67="","",TODAY()-INT(R67)) | X67: =IF(W67="","",IF(OR(O67="28 - Encerrado",O67="27 - Instalação concluída"),"Concluído",TODAY()-INT(W67))) | Y67: =IF(OR(O67="28 - Encerrado",O67="27 - Instalação concluída"),"OK",IF(AND(B67<>"",S67=""),"ATENÇÃO (Sem data de atualização)",IF(S67="","",IF(S67>30,"CRÍTICO (Sem Atualização >30 dias)",IF(S67>15,"ATENÇÃO (Sem Atualização >15 dias)",IF(X67>90,"CRÍTICO (Aberto >90 dias)","OK")))))) | Z67: =IF(B67="","",IF(OR(O67="27 - Instalação concluída",O67="28 - Encerrado"),"OK",IF(NOT(ISNUMBER(X67)),"",IF(X67>365,"MUITO ANTIGO (>1 ano)",IF(X67>180,"ANTIGO (>6 meses)",IF(X67>90,"ATENÇÃO ANTIG. (>3 meses)","OK")))))) | AB67: =IF(AND(B67<>"",OR(T67="Pendente de Vistoria",T67="Não validada")),MAX($AB$1:$AB$66)+1,"") | AC67: =IF(AND(B67<>"",OR(ISNUMBER(SEARCH("CTIN",P67)),U67="Alta",O67="07 - Relatório recebido — unidade apta",O67="11 - Orçamentos em análise técnica",O67="22 - Instalação/substituição autorizada")),MAX($AC$1:$AC$66)+1,"") | AD67: =IF(AND(B67<>"",OR(ISNUMBER(SEARCH("CTO",P67)),LEFT(O67,2)="22",LEFT(O67,2)="23",LEFT(O67,2)="24",LEFT(O67,2)="25",LEFT(O67,2)="26",LEFT(O67,2)="27")),MAX($AD$1:$AD$66)+1,"") | AE67: =IF(AND(B67<>"",D67=CONSULTA_UNIDADE!$B$4),MAX($AE$1:$AE$66)+1,"") | AF67: =IF(AND(B67<>"",O67<>"27 - Instalação concluída",O67<>"28 - Encerrado",ISNUMBER(S67)),S67*1000+(1000-ROW()),"") | AG67: =IF(AF67="","",RANK(AF67,$AF$2:$AF$500))
C68: =IF(D68="","",IFERROR(INDEX(CADASTRO_VIVO_3CRE!$B$2:$B$150,MATCH(D68,CADASTRO_VIVO_3CRE!$E$2:$E$150,0)),"")) | S68: =IF(R68="","",TODAY()-INT(R68)) | X68: =IF(W68="","",IF(OR(O68="28 - Encerrado",O68="27 - Instalação concluída"),"Concluído",TODAY()-INT(W68))) | Y68: =IF(OR(O68="28 - Encerrado",O68="27 - Instalação concluída"),"OK",IF(AND(B68<>"",S68=""),"ATENÇÃO (Sem data de atualização)",IF(S68="","",IF(S68>30,"CRÍTICO (Sem Atualização >30 dias)",IF(S68>15,"ATENÇÃO (Sem Atualização >15 dias)",IF(X68>90,"CRÍTICO (Aberto >90 dias)","OK")))))) | Z68: =IF(B68="","",IF(OR(O68="27 - Instalação concluída",O68="28 - Encerrado"),"OK",IF(NOT(ISNUMBER(X68)),"",IF(X68>365,"MUITO ANTIGO (>1 ano)",IF(X68>180,"ANTIGO (>6 meses)",IF(X68>90,"ATENÇÃO ANTIG. (>3 meses)","OK")))))) | AB68: =IF(AND(B68<>"",OR(T68="Pendente de Vistoria",T68="Não validada")),MAX($AB$1:$AB$67)+1,"") | AC68: =IF(AND(B68<>"",OR(ISNUMBER(SEARCH("CTIN",P68)),U68="Alta",O68="07 - Relatório recebido — unidade apta",O68="11 - Orçamentos em análise técnica",O68="22 - Instalação/substituição autorizada")),MAX($AC$1:$AC$67)+1,"") | AD68: =IF(AND(B68<>"",OR(ISNUMBER(SEARCH("CTO",P68)),LEFT(O68,2)="22",LEFT(O68,2)="23",LEFT(O68,2)="24",LEFT(O68,2)="25",LEFT(O68,2)="26",LEFT(O68,2)="27")),MAX($AD$1:$AD$67)+1,"") | AE68: =IF(AND(B68<>"",D68=CONSULTA_UNIDADE!$B$4),MAX($AE$1:$AE$67)+1,"") | AF68: =IF(AND(B68<>"",O68<>"27 - Instalação concluída",O68<>"28 - Encerrado",ISNUMBER(S68)),S68*1000+(1000-ROW()),"") | AG68: =IF(AF68="","",RANK(AF68,$AF$2:$AF$500))
C69: =IF(D69="","",IFERROR(INDEX(CADASTRO_VIVO_3CRE!$B$2:$B$150,MATCH(D69,CADASTRO_VIVO_3CRE!$E$2:$E$150,0)),"")) | S69: =IF(R69="","",TODAY()-INT(R69)) | X69: =IF(W69="","",IF(OR(O69="28 - Encerrado",O69="27 - Instalação concluída"),"Concluído",TODAY()-INT(W69))) | Y69: =IF(OR(O69="28 - Encerrado",O69="27 - Instalação concluída"),"OK",IF(AND(B69<>"",S69=""),"ATENÇÃO (Sem data de atualização)",IF(S69="","",IF(S69>30,"CRÍTICO (Sem Atualização >30 dias)",IF(S69>15,"ATENÇÃO (Sem Atualização >15 dias)",IF(X69>90,"CRÍTICO (Aberto >90 dias)","OK")))))) | Z69: =IF(B69="","",IF(OR(O69="27 - Instalação concluída",O69="28 - Encerrado"),"OK",IF(NOT(ISNUMBER(X69)),"",IF(X69>365,"MUITO ANTIGO (>1 ano)",IF(X69>180,"ANTIGO (>6 meses)",IF(X69>90,"ATENÇÃO ANTIG. (>3 meses)","OK")))))) | AB69: =IF(AND(B69<>"",OR(T69="Pendente de Vistoria",T69="Não validada")),MAX($AB$1:$AB$68)+1,"") | AC69: =IF(AND(B69<>"",OR(ISNUMBER(SEARCH("CTIN",P69)),U69="Alta",O69="07 - Relatório recebido — unidade apta",O69="11 - Orçamentos em análise técnica",O69="22 - Instalação/substituição autorizada")),MAX($AC$1:$AC$68)+1,"") | AD69: =IF(AND(B69<>"",OR(ISNUMBER(SEARCH("CTO",P69)),LEFT(O69,2)="22",LEFT(O69,2)="23",LEFT(O69,2)="24",LEFT(O69,2)="25",LEFT(O69,2)="26",LEFT(O69,2)="27")),MAX($AD$1:$AD$68)+1,"") | AE69: =IF(AND(B69<>"",D69=CONSULTA_UNIDADE!$B$4),MAX($AE$1:$AE$68)+1,"") | AF69: =IF(AND(B69<>"",O69<>"27 - Instalação concluída",O69<>"28 - Encerrado",ISNUMBER(S69)),S69*1000+(1000-ROW()),"") | AG69: =IF(AF69="","",RANK(AF69,$AF$2:$AF$500))
C70: =IF(D70="","",IFERROR(INDEX(CADASTRO_VIVO_3CRE!$B$2:$B$150,MATCH(D70,CADASTRO_VIVO_3CRE!$E$2:$E$150,0)),"")) | S70: =IF(R70="","",TODAY()-INT(R70)) | X70: =IF(W70="","",IF(OR(O70="28 - Encerrado",O70="27 - Instalação concluída"),"Concluído",TODAY()-INT(W70))) | Y70: =IF(OR(O70="28 - Encerrado",O70="27 - Instalação concluída"),"OK",IF(AND(B70<>"",S70=""),"ATENÇÃO (Sem data de atualização)",IF(S70="","",IF(S70>30,"CRÍTICO (Sem Atualização >30 dias)",IF(S70>15,"ATENÇÃO (Sem Atualização >15 dias)",IF(X70>90,"CRÍTICO (Aberto >90 dias)","OK")))))) | Z70: =IF(B70="","",IF(OR(O70="27 - Instalação concluída",O70="28 - Encerrado"),"OK",IF(NOT(ISNUMBER(X70)),"",IF(X70>365,"MUITO ANTIGO (>1 ano)",IF(X70>180,"ANTIGO (>6 meses)",IF(X70>90,"ATENÇÃO ANTIG. (>3 meses)","OK")))))) | AB70: =IF(AND(B70<>"",OR(T70="Pendente de Vistoria",T70="Não validada")),MAX($AB$1:$AB$69)+1,"") | AC70: =IF(AND(B70<>"",OR(ISNUMBER(SEARCH("CTIN",P70)),U70="Alta",O70="07 - Relatório recebido — unidade apta",O70="11 - Orçamentos em análise técnica",O70="22 - Instalação/substituição autorizada")),MAX($AC$1:$AC$69)+1,"") | AD70: =IF(AND(B70<>"",OR(ISNUMBER(SEARCH("CTO",P70)),LEFT(O70,2)="22",LEFT(O70,2)="23",LEFT(O70,2)="24",LEFT(O70,2)="25",LEFT(O70,2)="26",LEFT(O70,2)="27")),MAX($AD$1:$AD$69)+1,"") | AE70: =IF(AND(B70<>"",D70=CONSULTA_UNIDADE!$B$4),MAX($AE$1:$AE$69)+1,"") | AF70: =IF(AND(B70<>"",O70<>"27 - Instalação concluída",O70<>"28 - Encerrado",ISNUMBER(S70)),S70*1000+(1000-ROW()),"") | AG70: =IF(AF70="","",RANK(AF70,$AF$2:$AF$500))
C71: =IF(D71="","",IFERROR(INDEX(CADASTRO_VIVO_3CRE!$B$2:$B$150,MATCH(D71,CADASTRO_VIVO_3CRE!$E$2:$E$150,0)),"")) | S71: =IF(R71="","",TODAY()-INT(R71)) | X71: =IF(W71="","",IF(OR(O71="28 - Encerrado",O71="27 - Instalação concluída"),"Concluído",TODAY()-INT(W71))) | Y71: =IF(OR(O71="28 - Encerrado",O71="27 - Instalação concluída"),"OK",IF(AND(B71<>"",S71=""),"ATENÇÃO (Sem data de atualização)",IF(S71="","",IF(S71>30,"CRÍTICO (Sem Atualização >30 dias)",IF(S71>15,"ATENÇÃO (Sem Atualização >15 dias)",IF(X71>90,"CRÍTICO (Aberto >90 dias)","OK")))))) | Z71: =IF(B71="","",IF(OR(O71="27 - Instalação concluída",O71="28 - Encerrado"),"OK",IF(NOT(ISNUMBER(X71)),"",IF(X71>365,"MUITO ANTIGO (>1 ano)",IF(X71>180,"ANTIGO (>6 meses)",IF(X71>90,"ATENÇÃO ANTIG. (>3 meses)","OK")))))) | AB71: =IF(AND(B71<>"",OR(T71="Pendente de Vistoria",T71="Não validada")),MAX($AB$1:$AB$70)+1,"") | AC71: =IF(AND(B71<>"",OR(ISNUMBER(SEARCH("CTIN",P71)),U71="Alta",O71="07 - Relatório recebido — unidade apta",O71="11 - Orçamentos em análise técnica",O71="22 - Instalação/substituição autorizada")),MAX($AC$1:$AC$70)+1,"") | AD71: =IF(AND(B71<>"",OR(ISNUMBER(SEARCH("CTO",P71)),LEFT(O71,2)="22",LEFT(O71,2)="23",LEFT(O71,2)="24",LEFT(O71,2)="25",LEFT(O71,2)="26",LEFT(O71,2)="27")),MAX($AD$1:$AD$70)+1,"") | AE71: =IF(AND(B71<>"",D71=CONSULTA_UNIDADE!$B$4),MAX($AE$1:$AE$70)+1,"") | AF71: =IF(AND(B71<>"",O71<>"27 - Instalação concluída",O71<>"28 - Encerrado",ISNUMBER(S71)),S71*1000+(1000-ROW()),"") | AG71: =IF(AF71="","",RANK(AF71,$AF$2:$AF$500))
C72: =IF(D72="","",IFERROR(INDEX(CADASTRO_VIVO_3CRE!$B$2:$B$150,MATCH(D72,CADASTRO_VIVO_3CRE!$E$2:$E$150,0)),"")) | S72: =IF(R72="","",TODAY()-INT(R72)) | X72: =IF(W72="","",IF(OR(O72="28 - Encerrado",O72="27 - Instalação concluída"),"Concluído",TODAY()-INT(W72))) | Y72: =IF(OR(O72="28 - Encerrado",O72="27 - Instalação concluída"),"OK",IF(AND(B72<>"",S72=""),"ATENÇÃO (Sem data de atualização)",IF(S72="","",IF(S72>30,"CRÍTICO (Sem Atualização >30 dias)",IF(S72>15,"ATENÇÃO (Sem Atualização >15 dias)",IF(X72>90,"CRÍTICO (Aberto >90 dias)","OK")))))) | Z72: =IF(B72="","",IF(OR(O72="27 - Instalação concluída",O72="28 - Encerrado"),"OK",IF(NOT(ISNUMBER(X72)),"",IF(X72>365,"MUITO ANTIGO (>1 ano)",IF(X72>180,"ANTIGO (>6 meses)",IF(X72>90,"ATENÇÃO ANTIG. (>3 meses)","OK")))))) | AB72: =IF(AND(B72<>"",OR(T72="Pendente de Vistoria",T72="Não validada")),MAX($AB$1:$AB$71)+1,"") | AC72: =IF(AND(B72<>"",OR(ISNUMBER(SEARCH("CTIN",P72)),U72="Alta",O72="07 - Relatório recebido — unidade apta",O72="11 - Orçamentos em análise técnica",O72="22 - Instalação/substituição autorizada")),MAX($AC$1:$AC$71)+1,"") | AD72: =IF(AND(B72<>"",OR(ISNUMBER(SEARCH("CTO",P72)),LEFT(O72,2)="22",LEFT(O72,2)="23",LEFT(O72,2)="24",LEFT(O72,2)="25",LEFT(O72,2)="26",LEFT(O72,2)="27")),MAX($AD$1:$AD$71)+1,"") | AE72: =IF(AND(B72<>"",D72=CONSULTA_UNIDADE!$B$4),MAX($AE$1:$AE$71)+1,"") | AF72: =IF(AND(B72<>"",O72<>"27 - Instalação concluída",O72<>"28 - Encerrado",ISNUMBER(S72)),S72*1000+(1000-ROW()),"") | AG72: =IF(AF72="","",RANK(AF72,$AF$2:$AF$500))
C73: =IF(D73="","",IFERROR(INDEX(CADASTRO_VIVO_3CRE!$B$2:$B$150,MATCH(D73,CADASTRO_VIVO_3CRE!$E$2:$E$150,0)),"")) | S73: =IF(R73="","",TODAY()-INT(R73)) | X73: =IF(W73="","",IF(OR(O73="28 - Encerrado",O73="27 - Instalação concluída"),"Concluído",TODAY()-INT(W73))) | Y73: =IF(OR(O73="28 - Encerrado",O73="27 - Instalação concluída"),"OK",IF(AND(B73<>"",S73=""),"ATENÇÃO (Sem data de atualização)",IF(S73="","",IF(S73>30,"CRÍTICO (Sem Atualização >30 dias)",IF(S73>15,"ATENÇÃO (Sem Atualização >15 dias)",IF(X73>90,"CRÍTICO (Aberto >90 dias)","OK")))))) | Z73: =IF(B73="","",IF(OR(O73="27 - Instalação concluída",O73="28 - Encerrado"),"OK",IF(NOT(ISNUMBER(X73)),"",IF(X73>365,"MUITO ANTIGO (>1 ano)",IF(X73>180,"ANTIGO (>6 meses)",IF(X73>90,"ATENÇÃO ANTIG. (>3 meses)","OK")))))) | AB73: =IF(AND(B73<>"",OR(T73="Pendente de Vistoria",T73="Não validada")),MAX($AB$1:$AB$72)+1,"") | AC73: =IF(AND(B73<>"",OR(ISNUMBER(SEARCH("CTIN",P73)),U73="Alta",O73="07 - Relatório recebido — unidade apta",O73="11 - Orçamentos em análise técnica",O73="22 - Instalação/substituição autorizada")),MAX($AC$1:$AC$72)+1,"") | AD73: =IF(AND(B73<>"",OR(ISNUMBER(SEARCH("CTO",P73)),LEFT(O73,2)="22",LEFT(O73,2)="23",LEFT(O73,2)="24",LEFT(O73,2)="25",LEFT(O73,2)="26",LEFT(O73,2)="27")),MAX($AD$1:$AD$72)+1,"") | AE73: =IF(AND(B73<>"",D73=CONSULTA_UNIDADE!$B$4),MAX($AE$1:$AE$72)+1,"") | AF73: =IF(AND(B73<>"",O73<>"27 - Instalação concluída",O73<>"28 - Encerrado",ISNUMBER(S73)),S73*1000+(1000-ROW()),"") | AG73: =IF(AF73="","",RANK(AF73,$AF$2:$AF$500))
C74: =IF(D74="","",IFERROR(INDEX(CADASTRO_VIVO_3CRE!$B$2:$B$150,MATCH(D74,CADASTRO_VIVO_3CRE!$E$2:$E$150,0)),"")) | S74: =IF(R74="","",TODAY()-INT(R74)) | X74: =IF(W74="","",IF(OR(O74="28 - Encerrado",O74="27 - Instalação concluída"),"Concluído",TODAY()-INT(W74))) | Y74: =IF(OR(O74="28 - Encerrado",O74="27 - Instalação concluída"),"OK",IF(AND(B74<>"",S74=""),"ATENÇÃO (Sem data de atualização)",IF(S74="","",IF(S74>30,"CRÍTICO (Sem Atualização >30 dias)",IF(S74>15,"ATENÇÃO (Sem Atualização >15 dias)",IF(X74>90,"CRÍTICO (Aberto >90 dias)","OK")))))) | Z74: =IF(B74="","",IF(OR(O74="27 - Instalação concluída",O74="28 - Encerrado"),"OK",IF(NOT(ISNUMBER(X74)),"",IF(X74>365,"MUITO ANTIGO (>1 ano)",IF(X74>180,"ANTIGO (>6 meses)",IF(X74>90,"ATENÇÃO ANTIG. (>3 meses)","OK")))))) | AB74: =IF(AND(B74<>"",OR(T74="Pendente de Vistoria",T74="Não validada")),MAX($AB$1:$AB$73)+1,"") | AC74: =IF(AND(B74<>"",OR(ISNUMBER(SEARCH("CTIN",P74)),U74="Alta",O74="07 - Relatório recebido — unidade apta",O74="11 - Orçamentos em análise técnica",O74="22 - Instalação/substituição autorizada")),MAX($AC$1:$AC$73)+1,"") | AD74: =IF(AND(B74<>"",OR(ISNUMBER(SEARCH("CTO",P74)),LEFT(O74,2)="22",LEFT(O74,2)="23",LEFT(O74,2)="24",LEFT(O74,2)="25",LEFT(O74,2)="26",LEFT(O74,2)="27")),MAX($AD$1:$AD$73)+1,"") | AE74: =IF(AND(B74<>"",D74=CONSULTA_UNIDADE!$B$4),MAX($AE$1:$AE$73)+1,"") | AF74: =IF(AND(B74<>"",O74<>"27 - Instalação concluída",O74<>"28 - Encerrado",ISNUMBER(S74)),S74*1000+(1000-ROW()),"") | AG74: =IF(AF74="","",RANK(AF74,$AF$2:$AF$500))
C75: =IF(D75="","",IFERROR(INDEX(CADASTRO_VIVO_3CRE!$B$2:$B$150,MATCH(D75,CADASTRO_VIVO_3CRE!$E$2:$E$150,0)),"")) | S75: =IF(R75="","",TODAY()-INT(R75)) | X75: =IF(W75="","",IF(OR(O75="28 - Encerrado",O75="27 - Instalação concluída"),"Concluído",TODAY()-INT(W75))) | Y75: =IF(OR(O75="28 - Encerrado",O75="27 - Instalação concluída"),"OK",IF(AND(B75<>"",S75=""),"ATENÇÃO (Sem data de atualização)",IF(S75="","",IF(S75>30,"CRÍTICO (Sem Atualização >30 dias)",IF(S75>15,"ATENÇÃO (Sem Atualização >15 dias)",IF(X75>90,"CRÍTICO (Aberto >90 dias)","OK")))))) | Z75: =IF(B75="","",IF(OR(O75="27 - Instalação concluída",O75="28 - Encerrado"),"OK",IF(NOT(ISNUMBER(X75)),"",IF(X75>365,"MUITO ANTIGO (>1 ano)",IF(X75>180,"ANTIGO (>6 meses)",IF(X75>90,"ATENÇÃO ANTIG. (>3 meses)","OK")))))) | AB75: =IF(AND(B75<>"",OR(T75="Pendente de Vistoria",T75="Não validada")),MAX($AB$1:$AB$74)+1,"") | AC75: =IF(AND(B75<>"",OR(ISNUMBER(SEARCH("CTIN",P75)),U75="Alta",O75="07 - Relatório recebido — unidade apta",O75="11 - Orçamentos em análise técnica",O75="22 - Instalação/substituição autorizada")),MAX($AC$1:$AC$74)+1,"") | AD75: =IF(AND(B75<>"",OR(ISNUMBER(SEARCH("CTO",P75)),LEFT(O75,2)="22",LEFT(O75,2)="23",LEFT(O75,2)="24",LEFT(O75,2)="25",LEFT(O75,2)="26",LEFT(O75,2)="27")),MAX($AD$1:$AD$74)+1,"") | AE75: =IF(AND(B75<>"",D75=CONSULTA_UNIDADE!$B$4),MAX($AE$1:$AE$74)+1,"") | AF75: =IF(AND(B75<>"",O75<>"27 - Instalação concluída",O75<>"28 - Encerrado",ISNUMBER(S75)),S75*1000+(1000-ROW()),"") | AG75: =IF(AF75="","",RANK(AF75,$AF$2:$AF$500))
C76: =IF(D76="","",IFERROR(INDEX(CADASTRO_VIVO_3CRE!$B$2:$B$150,MATCH(D76,CADASTRO_VIVO_3CRE!$E$2:$E$150,0)),"")) | S76: =IF(R76="","",TODAY()-INT(R76)) | X76: =IF(W76="","",IF(OR(O76="28 - Encerrado",O76="27 - Instalação concluída"),"Concluído",TODAY()-INT(W76))) | Y76: =IF(OR(O76="28 - Encerrado",O76="27 - Instalação concluída"),"OK",IF(AND(B76<>"",S76=""),"ATENÇÃO (Sem data de atualização)",IF(S76="","",IF(S76>30,"CRÍTICO (Sem Atualização >30 dias)",IF(S76>15,"ATENÇÃO (Sem Atualização >15 dias)",IF(X76>90,"CRÍTICO (Aberto >90 dias)","OK")))))) | Z76: =IF(B76="","",IF(OR(O76="27 - Instalação concluída",O76="28 - Encerrado"),"OK",IF(NOT(ISNUMBER(X76)),"",IF(X76>365,"MUITO ANTIGO (>1 ano)",IF(X76>180,"ANTIGO (>6 meses)",IF(X76>90,"ATENÇÃO ANTIG. (>3 meses)","OK")))))) | AB76: =IF(AND(B76<>"",OR(T76="Pendente de Vistoria",T76="Não validada")),MAX($AB$1:$AB$75)+1,"") | AC76: =IF(AND(B76<>"",OR(ISNUMBER(SEARCH("CTIN",P76)),U76="Alta",O76="07 - Relatório recebido — unidade apta",O76="11 - Orçamentos em análise técnica",O76="22 - Instalação/substituição autorizada")),MAX($AC$1:$AC$75)+1,"") | AD76: =IF(AND(B76<>"",OR(ISNUMBER(SEARCH("CTO",P76)),LEFT(O76,2)="22",LEFT(O76,2)="23",LEFT(O76,2)="24",LEFT(O76,2)="25",LEFT(O76,2)="26",LEFT(O76,2)="27")),MAX($AD$1:$AD$75)+1,"") | AE76: =IF(AND(B76<>"",D76=CONSULTA_UNIDADE!$B$4),MAX($AE$1:$AE$75)+1,"") | AF76: =IF(AND(B76<>"",O76<>"27 - Instalação concluída",O76<>"28 - Encerrado",ISNUMBER(S76)),S76*1000+(1000-ROW()),"") | AG76: =IF(AF76="","",RANK(AF76,$AF$2:$AF$500))
C77: =IF(D77="","",IFERROR(INDEX(CADASTRO_VIVO_3CRE!$B$2:$B$150,MATCH(D77,CADASTRO_VIVO_3CRE!$E$2:$E$150,0)),"")) | S77: =IF(R77="","",TODAY()-INT(R77)) | X77: =IF(W77="","",IF(OR(O77="28 - Encerrado",O77="27 - Instalação concluída"),"Concluído",TODAY()-INT(W77))) | Y77: =IF(OR(O77="28 - Encerrado",O77="27 - Instalação concluída"),"OK",IF(AND(B77<>"",S77=""),"ATENÇÃO (Sem data de atualização)",IF(S77="","",IF(S77>30,"CRÍTICO (Sem Atualização >30 dias)",IF(S77>15,"ATENÇÃO (Sem Atualização >15 dias)",IF(X77>90,"CRÍTICO (Aberto >90 dias)","OK")))))) | Z77: =IF(B77="","",IF(OR(O77="27 - Instalação concluída",O77="28 - Encerrado"),"OK",IF(NOT(ISNUMBER(X77)),"",IF(X77>365,"MUITO ANTIGO (>1 ano)",IF(X77>180,"ANTIGO (>6 meses)",IF(X77>90,"ATENÇÃO ANTIG. (>3 meses)","OK")))))) | AB77: =IF(AND(B77<>"",OR(T77="Pendente de Vistoria",T77="Não validada")),MAX($AB$1:$AB$76)+1,"") | AC77: =IF(AND(B77<>"",OR(ISNUMBER(SEARCH("CTIN",P77)),U77="Alta",O77="07 - Relatório recebido — unidade apta",O77="11 - Orçamentos em análise técnica",O77="22 - Instalação/substituição autorizada")),MAX($AC$1:$AC$76)+1,"") | AD77: =IF(AND(B77<>"",OR(ISNUMBER(SEARCH("CTO",P77)),LEFT(O77,2)="22",LEFT(O77,2)="23",LEFT(O77,2)="24",LEFT(O77,2)="25",LEFT(O77,2)="26",LEFT(O77,2)="27")),MAX($AD$1:$AD$76)+1,"") | AE77: =IF(AND(B77<>"",D77=CONSULTA_UNIDADE!$B$4),MAX($AE$1:$AE$76)+1,"") | AF77: =IF(AND(B77<>"",O77<>"27 - Instalação concluída",O77<>"28 - Encerrado",ISNUMBER(S77)),S77*1000+(1000-ROW()),"") | AG77: =IF(AF77="","",RANK(AF77,$AF$2:$AF$500))
C78: =IF(D78="","",IFERROR(INDEX(CADASTRO_VIVO_3CRE!$B$2:$B$150,MATCH(D78,CADASTRO_VIVO_3CRE!$E$2:$E$150,0)),"")) | S78: =IF(R78="","",TODAY()-INT(R78)) | X78: =IF(W78="","",IF(OR(O78="28 - Encerrado",O78="27 - Instalação concluída"),"Concluído",TODAY()-INT(W78))) | Y78: =IF(OR(O78="28 - Encerrado",O78="27 - Instalação concluída"),"OK",IF(AND(B78<>"",S78=""),"ATENÇÃO (Sem data de atualização)",IF(S78="","",IF(S78>30,"CRÍTICO (Sem Atualização >30 dias)",IF(S78>15,"ATENÇÃO (Sem Atualização >15 dias)",IF(X78>90,"CRÍTICO (Aberto >90 dias)","OK")))))) | Z78: =IF(B78="","",IF(OR(O78="27 - Instalação concluída",O78="28 - Encerrado"),"OK",IF(NOT(ISNUMBER(X78)),"",IF(X78>365,"MUITO ANTIGO (>1 ano)",IF(X78>180,"ANTIGO (>6 meses)",IF(X78>90,"ATENÇÃO ANTIG. (>3 meses)","OK")))))) | AB78: =IF(AND(B78<>"",OR(T78="Pendente de Vistoria",T78="Não validada")),MAX($AB$1:$AB$77)+1,"") | AC78: =IF(AND(B78<>"",OR(ISNUMBER(SEARCH("CTIN",P78)),U78="Alta",O78="07 - Relatório recebido — unidade apta",O78="11 - Orçamentos em análise técnica",O78="22 - Instalação/substituição autorizada")),MAX($AC$1:$AC$77)+1,"") | AD78: =IF(AND(B78<>"",OR(ISNUMBER(SEARCH("CTO",P78)),LEFT(O78,2)="22",LEFT(O78,2)="23",LEFT(O78,2)="24",LEFT(O78,2)="25",LEFT(O78,2)="26",LEFT(O78,2)="27")),MAX($AD$1:$AD$77)+1,"") | AE78: =IF(AND(B78<>"",D78=CONSULTA_UNIDADE!$B$4),MAX($AE$1:$AE$77)+1,"") | AF78: =IF(AND(B78<>"",O78<>"27 - Instalação concluída",O78<>"28 - Encerrado",ISNUMBER(S78)),S78*1000+(1000-ROW()),"") | AG78: =IF(AF78="","",RANK(AF78,$AF$2:$AF$500))
C79: =IF(D79="","",IFERROR(INDEX(CADASTRO_VIVO_3CRE!$B$2:$B$150,MATCH(D79,CADASTRO_VIVO_3CRE!$E$2:$E$150,0)),"")) | S79: =IF(R79="","",TODAY()-INT(R79)) | X79: =IF(W79="","",IF(OR(O79="28 - Encerrado",O79="27 - Instalação concluída"),"Concluído",TODAY()-INT(W79))) | Y79: =IF(OR(O79="28 - Encerrado",O79="27 - Instalação concluída"),"OK",IF(AND(B79<>"",S79=""),"ATENÇÃO (Sem data de atualização)",IF(S79="","",IF(S79>30,"CRÍTICO (Sem Atualização >30 dias)",IF(S79>15,"ATENÇÃO (Sem Atualização >15 dias)",IF(X79>90,"CRÍTICO (Aberto >90 dias)","OK")))))) | Z79: =IF(B79="","",IF(OR(O79="27 - Instalação concluída",O79="28 - Encerrado"),"OK",IF(NOT(ISNUMBER(X79)),"",IF(X79>365,"MUITO ANTIGO (>1 ano)",IF(X79>180,"ANTIGO (>6 meses)",IF(X79>90,"ATENÇÃO ANTIG. (>3 meses)","OK")))))) | AB79: =IF(AND(B79<>"",OR(T79="Pendente de Vistoria",T79="Não validada")),MAX($AB$1:$AB$78)+1,"") | AC79: =IF(AND(B79<>"",OR(ISNUMBER(SEARCH("CTIN",P79)),U79="Alta",O79="07 - Relatório recebido — unidade apta",O79="11 - Orçamentos em análise técnica",O79="22 - Instalação/substituição autorizada")),MAX($AC$1:$AC$78)+1,"") | AD79: =IF(AND(B79<>"",OR(ISNUMBER(SEARCH("CTO",P79)),LEFT(O79,2)="22",LEFT(O79,2)="23",LEFT(O79,2)="24",LEFT(O79,2)="25",LEFT(O79,2)="26",LEFT(O79,2)="27")),MAX($AD$1:$AD$78)+1,"") | AE79: =IF(AND(B79<>"",D79=CONSULTA_UNIDADE!$B$4),MAX($AE$1:$AE$78)+1,"") | AF79: =IF(AND(B79<>"",O79<>"27 - Instalação concluída",O79<>"28 - Encerrado",ISNUMBER(S79)),S79*1000+(1000-ROW()),"") | AG79: =IF(AF79="","",RANK(AF79,$AF$2:$AF$500))
C80: =IF(D80="","",IFERROR(INDEX(CADASTRO_VIVO_3CRE!$B$2:$B$150,MATCH(D80,CADASTRO_VIVO_3CRE!$E$2:$E$150,0)),"")) | S80: =IF(R80="","",TODAY()-INT(R80)) | X80: =IF(W80="","",IF(OR(O80="28 - Encerrado",O80="27 - Instalação concluída"),"Concluído",TODAY()-INT(W80))) | Y80: =IF(OR(O80="28 - Encerrado",O80="27 - Instalação concluída"),"OK",IF(AND(B80<>"",S80=""),"ATENÇÃO (Sem data de atualização)",IF(S80="","",IF(S80>30,"CRÍTICO (Sem Atualização >30 dias)",IF(S80>15,"ATENÇÃO (Sem Atualização >15 dias)",IF(X80>90,"CRÍTICO (Aberto >90 dias)","OK")))))) | Z80: =IF(B80="","",IF(OR(O80="27 - Instalação concluída",O80="28 - Encerrado"),"OK",IF(NOT(ISNUMBER(X80)),"",IF(X80>365,"MUITO ANTIGO (>1 ano)",IF(X80>180,"ANTIGO (>6 meses)",IF(X80>90,"ATENÇÃO ANTIG. (>3 meses)","OK")))))) | AB80: =IF(AND(B80<>"",OR(T80="Pendente de Vistoria",T80="Não validada")),MAX($AB$1:$AB$79)+1,"") | AC80: =IF(AND(B80<>"",OR(ISNUMBER(SEARCH("CTIN",P80)),U80="Alta",O80="07 - Relatório recebido — unidade apta",O80="11 - Orçamentos em análise técnica",O80="22 - Instalação/substituição autorizada")),MAX($AC$1:$AC$79)+1,"") | AD80: =IF(AND(B80<>"",OR(ISNUMBER(SEARCH("CTO",P80)),LEFT(O80,2)="22",LEFT(O80,2)="23",LEFT(O80,2)="24",LEFT(O80,2)="25",LEFT(O80,2)="26",LEFT(O80,2)="27")),MAX($AD$1:$AD$79)+1,"") | AE80: =IF(AND(B80<>"",D80=CONSULTA_UNIDADE!$B$4),MAX($AE$1:$AE$79)+1,"") | AF80: =IF(AND(B80<>"",O80<>"27 - Instalação concluída",O80<>"28 - Encerrado",ISNUMBER(S80)),S80*1000+(1000-ROW()),"") | AG80: =IF(AF80="","",RANK(AF80,$AF$2:$AF$500))
C81: =IF(D81="","",IFERROR(INDEX(CADASTRO_VIVO_3CRE!$B$2:$B$150,MATCH(D81,CADASTRO_VIVO_3CRE!$E$2:$E$150,0)),"")) | S81: =IF(R81="","",TODAY()-INT(R81)) | X81: =IF(W81="","",IF(OR(O81="28 - Encerrado",O81="27 - Instalação concluída"),"Concluído",TODAY()-INT(W81))) | Y81: =IF(OR(O81="28 - Encerrado",O81="27 - Instalação concluída"),"OK",IF(AND(B81<>"",S81=""),"ATENÇÃO (Sem data de atualização)",IF(S81="","",IF(S81>30,"CRÍTICO (Sem Atualização >30 dias)",IF(S81>15,"ATENÇÃO (Sem Atualização >15 dias)",IF(X81>90,"CRÍTICO (Aberto >90 dias)","OK")))))) | Z81: =IF(B81="","",IF(OR(O81="27 - Instalação concluída",O81="28 - Encerrado"),"OK",IF(NOT(ISNUMBER(X81)),"",IF(X81>365,"MUITO ANTIGO (>1 ano)",IF(X81>180,"ANTIGO (>6 meses)",IF(X81>90,"ATENÇÃO ANTIG. (>3 meses)","OK")))))) | AB81: =IF(AND(B81<>"",OR(T81="Pendente de Vistoria",T81="Não validada")),MAX($AB$1:$AB$80)+1,"") | AC81: =IF(AND(B81<>"",OR(ISNUMBER(SEARCH("CTIN",P81)),U81="Alta",O81="07 - Relatório recebido — unidade apta",O81="11 - Orçamentos em análise técnica",O81="22 - Instalação/substituição autorizada")),MAX($AC$1:$AC$80)+1,"") | AD81: =IF(AND(B81<>"",OR(ISNUMBER(SEARCH("CTO",P81)),LEFT(O81,2)="22",LEFT(O81,2)="23",LEFT(O81,2)="24",LEFT(O81,2)="25",LEFT(O81,2)="26",LEFT(O81,2)="27")),MAX($AD$1:$AD$80)+1,"") | AE81: =IF(AND(B81<>"",D81=CONSULTA_UNIDADE!$B$4),MAX($AE$1:$AE$80)+1,"") | AF81: =IF(AND(B81<>"",O81<>"27 - Instalação concluída",O81<>"28 - Encerrado",ISNUMBER(S81)),S81*1000+(1000-ROW()),"") | AG81: =IF(AF81="","",RANK(AF81,$AF$2:$AF$500))
C82: =IF(D82="","",IFERROR(INDEX(CADASTRO_VIVO_3CRE!$B$2:$B$150,MATCH(D82,CADASTRO_VIVO_3CRE!$E$2:$E$150,0)),"")) | S82: =IF(R82="","",TODAY()-INT(R82)) | X82: =IF(W82="","",IF(OR(O82="28 - Encerrado",O82="27 - Instalação concluída"),"Concluído",TODAY()-INT(W82))) | Y82: =IF(OR(O82="28 - Encerrado",O82="27 - Instalação concluída"),"OK",IF(AND(B82<>"",S82=""),"ATENÇÃO (Sem data de atualização)",IF(S82="","",IF(S82>30,"CRÍTICO (Sem Atualização >30 dias)",IF(S82>15,"ATENÇÃO (Sem Atualização >15 dias)",IF(X82>90,"CRÍTICO (Aberto >90 dias)","OK")))))) | Z82: =IF(B82="","",IF(OR(O82="27 - Instalação concluída",O82="28 - Encerrado"),"OK",IF(NOT(ISNUMBER(X82)),"",IF(X82>365,"MUITO ANTIGO (>1 ano)",IF(X82>180,"ANTIGO (>6 meses)",IF(X82>90,"ATENÇÃO ANTIG. (>3 meses)","OK")))))) | AB82: =IF(AND(B82<>"",OR(T82="Pendente de Vistoria",T82="Não validada")),MAX($AB$1:$AB$81)+1,"") | AC82: =IF(AND(B82<>"",OR(ISNUMBER(SEARCH("CTIN",P82)),U82="Alta",O82="07 - Relatório recebido — unidade apta",O82="11 - Orçamentos em análise técnica",O82="22 - Instalação/substituição autorizada")),MAX($AC$1:$AC$81)+1,"") | AD82: =IF(AND(B82<>"",OR(ISNUMBER(SEARCH("CTO",P82)),LEFT(O82,2)="22",LEFT(O82,2)="23",LEFT(O82,2)="24",LEFT(O82,2)="25",LEFT(O82,2)="26",LEFT(O82,2)="27")),MAX($AD$1:$AD$81)+1,"") | AE82: =IF(AND(B82<>"",D82=CONSULTA_UNIDADE!$B$4),MAX($AE$1:$AE$81)+1,"") | AF82: =IF(AND(B82<>"",O82<>"27 - Instalação concluída",O82<>"28 - Encerrado",ISNUMBER(S82)),S82*1000+(1000-ROW()),"") | AG82: =IF(AF82="","",RANK(AF82,$AF$2:$AF$500))
C83: =IF(D83="","",IFERROR(INDEX(CADASTRO_VIVO_3CRE!$B$2:$B$150,MATCH(D83,CADASTRO_VIVO_3CRE!$E$2:$E$150,0)),"")) | S83: =IF(R83="","",TODAY()-INT(R83)) | X83: =IF(W83="","",IF(OR(O83="28 - Encerrado",O83="27 - Instalação concluída"),"Concluído",TODAY()-INT(W83))) | Y83: =IF(OR(O83="28 - Encerrado",O83="27 - Instalação concluída"),"OK",IF(AND(B83<>"",S83=""),"ATENÇÃO (Sem data de atualização)",IF(S83="","",IF(S83>30,"CRÍTICO (Sem Atualização >30 dias)",IF(S83>15,"ATENÇÃO (Sem Atualização >15 dias)",IF(X83>90,"CRÍTICO (Aberto >90 dias)","OK")))))) | Z83: =IF(B83="","",IF(OR(O83="27 - Instalação concluída",O83="28 - Encerrado"),"OK",IF(NOT(ISNUMBER(X83)),"",IF(X83>365,"MUITO ANTIGO (>1 ano)",IF(X83>180,"ANTIGO (>6 meses)",IF(X83>90,"ATENÇÃO ANTIG. (>3 meses)","OK")))))) | AB83: =IF(AND(B83<>"",OR(T83="Pendente de Vistoria",T83="Não validada")),MAX($AB$1:$AB$82)+1,"") | AC83: =IF(AND(B83<>"",OR(ISNUMBER(SEARCH("CTIN",P83)),U83="Alta",O83="07 - Relatório recebido — unidade apta",O83="11 - Orçamentos em análise técnica",O83="22 - Instalação/substituição autorizada")),MAX($AC$1:$AC$82)+1,"") | AD83: =IF(AND(B83<>"",OR(ISNUMBER(SEARCH("CTO",P83)),LEFT(O83,2)="22",LEFT(O83,2)="23",LEFT(O83,2)="24",LEFT(O83,2)="25",LEFT(O83,2)="26",LEFT(O83,2)="27")),MAX($AD$1:$AD$82)+1,"") | AE83: =IF(AND(B83<>"",D83=CONSULTA_UNIDADE!$B$4),MAX($AE$1:$AE$82)+1,"") | AF83: =IF(AND(B83<>"",O83<>"27 - Instalação concluída",O83<>"28 - Encerrado",ISNUMBER(S83)),S83*1000+(1000-ROW()),"") | AG83: =IF(AF83="","",RANK(AF83,$AF$2:$AF$500))
